INSERT INTO recipes (recipe_name, difficulty, description, pastry_or_not, nationality, prep_time, cooking_time, portions, recipe_pic) VALUES
('Chocolate Cake', 3, 'Rich and moist chocolate cake', 1, 'American', '00:30:00', '00:45:00', 8, 'recipes/1.jpg'),
('Baklava', 4, 'Sweet and sticky pastry with nuts and honey', 1, 'Arab', '01:00:00', '00:30:00', 12, 'recipes/2.jpg'),
('Empanadas', 2, 'Savory pastry filled with meat and vegetables', 0, 'Argentine', '00:45:00', '00:25:00', 6, 'recipes/3.jpg'),
('Lavash', 2, 'Soft and thin Armenian flatbread', 0, 'Armenian', '00:20:00', '00:10:00', 4, 'recipes/4.jpg'),
('Belgian Waffles', 3, 'Crispy and light waffles', 1, 'Belgian', '00:15:00', '00:10:00', 4, 'recipes/5.jpg'),
('Fish and Chips', 2, 'Classic British dish with fried fish and potatoes', 0, 'British', '00:20:00', '00:15:00', 2, 'recipes/6.jpg'),
('Sweet and Sour Pork', 3, 'Pork with sweet and tangy sauce', 0, 'Chinese', '00:25:00', '00:30:00', 4, 'recipes/7.jpg'),
('Koshari', 4, 'Popular Egyptian dish with rice lentils and pasta', 0, 'Egyptian', '00:40:00', '00:20:00', 6, 'recipes/8.jpg'),
('Adobo', 3, 'Filipino stew with pork or chicken', 0, 'Filipino', '00:30:00', '01:00:00', 4, 'recipes/9.jpg'),
('Croissants', 5, 'Buttery and flaky pastry', 1, 'French', '01:30:00', '00:20:00', 8, 'recipes/10.jpg'),
('Moussaka', 4, 'Greek casserole with eggplant and meat', 0, 'Greek', '00:45:00', '01:00:00', 6, 'recipes/11.jpg'),
('Goulash', 3, 'Hungarian stew with beef and paprika', 0, 'Hungarian', '00:20:00', '01:30:00', 4, 'recipes/12.jpg'),
('Chicken Curry', 3, 'Spicy Indian curry with chicken', 0, 'Indian', '00:30:00', '00:45:00', 4, 'recipes/13.jpg'),
('Nasi Goreng', 2, 'Indonesian fried rice', 0, 'Indonesian', '00:20:00', '00:10:00', 2, 'recipes/14.jpg'),
('Spaghetti Carbonara', 2, 'Italian pasta with eggs cheese and bacon', 0, 'Italian', '00:10:00', '00:15:00', 4, 'recipes/15.jpg'),
('Sushi', 4, 'Japanese dish with vinegared rice and seafood', 0, 'Japanese', '00:30:00', '00:00:00', 2, 'recipes/16.jpg'),
('Bibimbap', 3, 'Korean rice bowl with vegetables and meat', 0, 'Korean', '00:25:00', '00:10:00', 2, 'recipes/17.jpg'),
('Tacos', 2, 'Mexican dish with meat and vegetables in a tortilla', 0, 'Mexican', '00:15:00', '00:10:00', 4, 'recipes/18.jpg'),
('Tagine', 4, 'Moroccan stew with meat and vegetables', 0, 'Moroccan', '00:30:00', '01:30:00', 6, 'recipes/19.jpg'),
('Biryani', 3, 'Pakistani rice dish with meat and spices', 0, 'Pakistani', '00:40:00', '01:00:00', 4, 'recipes/20.jpg'),
('Falafel', 2, 'Deep-fried balls made from ground chickpeas', 0, 'Palestinian', '00:20:00', '00:10:00', 4, 'recipes/21.jpg'),
('Borscht', 3, 'Beet soup served hot or cold', 0, 'Russian', '00:30:00', '00:45:00', 6, 'recipes/22.jpg'),
('Paella', 4, 'Rice dish with seafood and saffron', 0, 'Spanish', '00:40:00', '00:35:00', 6, 'recipes/23.jpg'),
('BBQ Ribs', 3, 'Tender and juicy barbecued ribs', 0, 'American', '00:20:00', '02:00:00', 4, 'recipes/24.jpg'),
('Hummus', 1, 'Creamy dip made from chickpeas and tahini', 0, 'Arab', '00:10:00', '00:00:00', 8, 'recipes/25.jpg'),
('Milanesa', 2, 'Breaded and fried meat cutlet', 0, 'Argentine', '00:15:00', '00:15:00', 4, 'recipes/26.jpg'),
('Harissa', 3, 'Spicy chili paste', 0, 'Armenian', '00:10:00', '00:00:00', 10, 'recipes/27.jpg'),
('Moules Frites', 3, 'Mussels served with fries', 0, 'Belgian', '00:20:00', '00:10:00', 4, 'recipes/28.jpg'),
('Shepherd\'s Pie', 3, 'Casserole with ground meat and mashed potatoes', 0, 'British', '00:30:00', '00:45:00', 4, 'recipes/29.jpg'),
('Kung Pao Chicken', 3, 'Stir-fried chicken with peanuts and vegetables', 0, 'Chinese', '00:15:00', '00:15:00', 4, 'recipes/30.jpg'),
('Molokhia', 4, 'Egyptian soup made from jute leaves', 0, 'Egyptian', '00:20:00', '00:30:00', 6, 'recipes/31.jpg'),
('Lechon', 4, 'Roasted whole pig', 0, 'Filipino', '00:30:00', '03:00:00', 12, 'recipes/32.jpg'),
('Ratatouille', 2, 'Vegetable stew with tomatoes zucchini and eggplant', 0, 'French', '00:20:00', '00:30:00', 4, 'recipes/33.jpg'),
('Gyros', 3, 'Greek sandwich with meat vegetables and tzatziki', 0, 'Greek', '00:15:00', '00:10:00', 4, 'recipes/34.jpg'),
('Chicken Paprikash', 3, 'Chicken stew with paprika sauce', 0, 'Hungarian', '00:20:00', '00:40:00', 4, 'recipes/35.jpg'),
('Tandoori Chicken', 3, 'Spicy roasted chicken marinated in yogurt and spices', 0, 'Indian', '00:20:00', '00:45:00', 4, 'recipes/36.jpg'),
('Satay', 2, 'Grilled meat skewers with peanut sauce', 0, 'Indonesian', '00:15:00', '00:10:00', 4, 'recipes/37.jpg'),
('Lasagna', 4, 'Layered pasta dish with meat and cheese', 0, 'Italian', '00:30:00', '00:45:00', 6, 'recipes/38.jpg'),
('Ramen', 3, 'Japanese noodle soup with meat and vegetables', 0, 'Japanese', '00:20:00', '00:20:00', 2, 'recipes/39.jpg'),
('Kimchi', 2, 'Fermented Korean side dish with vegetables', 0, 'Korean', '00:30:00', '00:00:00', 8, 'recipes/40.jpg'),
('Guacamole', 1, 'Avocado dip with lime onion and cilantro', 0, 'Mexican', '00:10:00', '00:00:00', 6, 'recipes/41.jpg'),
('Couscous', 2, 'Steamed semolina served with meat and vegetables', 0, 'Moroccan', '00:10:00', '00:20:00', 6, 'recipes/42.jpg'),
('Keema', 3, 'Ground meat curry with peas', 0, 'Pakistani', '00:20:00', '00:30:00', 4, 'recipes/43.jpg'),
('Shakshuka', 2, 'Eggs poached in a spicy tomato sauce', 0, 'Palestinian', '00:15:00', '00:10:00', 4, 'recipes/44.jpg'),
('Pelmeni', 3, 'Russian dumplings filled with meat', 0, 'Russian', '00:40:00', '00:10:00', 4, 'recipes/45.jpg'),
('Gazpacho', 2, 'Cold tomato soup', 0, 'Spanish', '00:15:00', '00:00:00', 4, 'recipes/46.jpg'),
('Apple Pie', 3, 'Classic American pie with apples and cinnamon', 1, 'American', '00:30:00', '00:45:00', 8, 'recipes/47.jpg'),
('Tabbouleh', 1, 'Salad with parsley tomatoes and bulgur', 0, 'Arab', '00:15:00', '00:00:00', 4, 'recipes/48.jpg'),
('Chimichurri', 1, 'Herb sauce with parsley garlic and vinegar', 0, 'Argentine', '00:10:00', '00:00:00', 8, 'recipes/49.jpg'),
('Basturma', 3, 'Cured and air-dried beef', 0, 'Armenian', '00:20:00', '00:00:00', 10, 'recipes/50.jpg'),
('Stoofvlees', 4, 'Belgian beef stew with beer', 0, 'Belgian', '00:30:00', '02:00:00', 4, 'recipes/51.jpg'),
('Yorkshire Pudding', 2, 'Baked pudding made from batter', 1, 'British', '00:10:00', '00:20:00', 6, 'recipes/52.jpg'),
('Peking Duck', 5, 'Crispy roasted duck served with pancakes', 0, 'Chinese', '00:30:00', '01:30:00', 4, 'recipes/53.jpg'),
('Ful Medames', 2, 'Stewed fava beans with olive oil and cumin', 0, 'Egyptian', '00:10:00', '00:20:00', 4, 'recipes/54.jpg'),
('Pancit', 2, 'Filipino noodle stir-fry', 0, 'Filipino', '00:15:00', '00:15:00', 4, 'recipes/55.jpg'),
('Quiche', 3, 'Savory French tart with eggs cheese and vegetables', 1, 'French', '00:15:00', '00:45:00', 6, 'recipes/56.jpg'),
('Spanakopita', 3, 'Greek pastry with spinach and feta', 1, 'Greek', '00:20:00', '00:25:00', 8, 'recipes/57.jpg'),
('Lecsó', 2, 'Hungarian vegetable stew with peppers and tomatoes', 0, 'Hungarian', '00:15:00', '00:20:00', 4, 'recipes/58.jpg'),
('Butter Chicken', 3, 'Creamy Indian chicken curry', 0, 'Indian', '00:20:00', '00:30:00', 4, 'recipes/59.jpg'),
('Gado-Gado', 2, 'Indonesian vegetable salad with peanut sauce', 0, 'Indonesian', '00:20:00', '00:00:00', 4, 'recipes/60.jpg'),
('Risotto', 4, 'Italian rice dish cooked with broth and cheese', 0, 'Italian', '00:20:00', '00:25:00', 4, 'recipes/61.jpg'),
('Tempura', 3, 'Japanese battered and deep-fried vegetables or seafood', 0, 'Japanese', '00:15:00', '00:10:00', 4, 'recipes/62.jpg'),
('Bulgogi', 3, 'Korean marinated beef grilled or stir-fried', 0, 'Korean', '00:20:00', '00:10:00', 4, 'recipes/63.jpg'),
('Enchiladas', 3, 'Mexican dish with rolled tortillas filled with meat', 0, 'Mexican', '00:20:00', '00:20:00', 4, 'recipes/64.jpg'),
('Harira', 3, 'Moroccan soup with lentils and chickpeas', 0, 'Moroccan', '00:15:00', '00:30:00', 6, 'recipes/65.jpg'),
('Rogan Josh', 4, 'Spicy Indian lamb curry', 0, 'Pakistani', '00:20:00', '01:00:00', 4, 'recipes/66.jpg'),
('Maqluba', 4, 'Palestinian dish with rice vegetables and meat', 0, 'Palestinian', '00:30:00', '01:00:00', 6, 'recipes/67.jpg'),
('Blini', 2, 'Russian pancakes served with sour cream or caviar', 0, 'Russian', '00:15:00', '00:10:00', 4, 'recipes/68.jpg'),
('Tortilla Española', 2, 'Spanish omelette with potatoes and onions', 0, 'Spanish', '00:10:00', '00:20:00', 4, 'recipes/69.jpg'),
('Pumpkin Pie', 3, 'Classic American pie with spiced pumpkin filling', 1, 'American', '00:20:00', '00:45:00', 8, 'recipes/70.jpg'),
('Fattoush', 1, 'Lebanese salad with toasted bread and vegetables', 0, 'Arab', '00:10:00', '00:00:00', 4, 'recipes/71.jpg'),
('Provoleta', 2, 'Grilled provolone cheese', 0, 'Argentine', '00:05:00', '00:05:00', 4, 'recipes/72.jpg'),
('Dolma', 3, 'Stuffed grape leaves with rice and meat', 0, 'Armenian', '00:30:00', '00:40:00', 6, 'recipes/73.jpg'),
('Waterzooi', 3, 'Belgian stew with fish or chicken', 0, 'Belgian', '00:30:00', '01:00:00', 4, 'recipes/74.jpg'),
('Trifle', 2, 'British dessert with layers of sponge fruit and custard', 1, 'British', '00:20:00', '00:00:00', 8, 'recipes/75.jpg'),
('Hot and Sour Soup', 2, 'Chinese soup with mushrooms tofu and bamboo shoots', 0, 'Chinese', '00:10:00', '00:20:00', 4, 'recipes/76.jpg'),
('Mahshi', 3, 'Egyptian stuffed vegetables with rice', 0, 'Egyptian', '00:30:00', '00:40:00', 6, 'recipes/77.jpg'),
('Kare-Kare', 4, 'Filipino oxtail stew with peanut sauce', 0, 'Filipino', '00:30:00', '01:30:00', 6, 'recipes/78.jpg'),
('Boeuf Bourguignon', 5, 'French beef stew braised in red wine', 0, 'French', '00:30:00', '02:30:00', 4, 'recipes/79.jpg'),
('Pastitsio', 4, 'Greek pasta bake with meat and béchamel sauce', 0, 'Greek', '00:30:00', '00:45:00', 6, 'recipes/80.jpg'),
('Fisherman\'s Soup', 3, 'Hungarian spicy fish soup with paprika', 0, 'Hungarian', '00:20:00', '00:30:00', 4, 'recipes/81.jpg'),
('Rasam', 2, 'Spicy South Indian soup', 0, 'Indian', '00:10:00', '00:15:00', 4, 'recipes/82.jpg'),
('Rendang', 4, 'Indonesian slow-cooked beef in coconut milk', 0, 'Indonesian', '00:30:00', '02:00:00', 6, 'recipes/83.jpg'),
('Tiramisu', 3, 'Italian dessert with coffee-soaked ladyfingers and mascarpone', 1, 'Italian', '00:20:00', '00:00:00', 8, 'recipes/84.jpg'),
('Okonomiyaki', 3, 'Japanese savory pancake with various toppings', 0, 'Japanese', '00:15:00', '00:10:00', 2, 'recipes/85.jpg'),
('Japchae', 3, 'Korean glass noodle stir-fry', 0, 'Korean', '00:20:00', '00:15:00', 4, 'recipes/86.jpg'),
('Chiles en Nogada', 4, 'Mexican stuffed poblano peppers with walnut sauce', 0, 'Mexican', '00:30:00', '00:40:00', 4, 'recipes/87.jpg'),
('Bissara', 2, 'Moroccan fava bean dip', 0, 'Moroccan', '00:15:00', '00:20:00', 4, 'recipes/88.jpg'),
('Chicken Karahi', 3, 'Spicy Pakistani chicken curry', 0, 'Pakistani', '00:20:00', '00:30:00', 4, 'recipes/89.jpg'),
('Knafeh', 4, 'Palestinian dessert with cheese and syrup', 1, 'Palestinian', '00:20:00', '00:20:00', 8, 'recipes/90.jpg'),
('Beef Stroganoff', 3, 'Russian dish with sautéed beef and sour cream sauce', 0, 'Russian', '00:20:00', '00:30:00', 4, 'recipes/91.jpg'),
('Flan', 3, 'Spanish caramel custard', 1, 'Spanish', '00:15:00', '00:45:00', 6, 'recipes/92.jpg');

INSERT INTO meal_type (m_type, recipe_name) VALUES
    ('Dinner', 'Adobo'),
    ('Dessert', 'Apple Pie'),
    ('Dessert', 'Baklava'),
    ('Snack', 'Basturma'),
    ('Dinner', 'BBQ Ribs'),
    ('Dinner', 'Beef Stroganoff'),
    ('Breakfast', 'Belgian Waffles'),
    ('Lunch', 'Bibimbap'),
    ('Dinner', 'Biryani'),
    ('Soup', 'Bissara'),
    ('Breakfast', 'Blini'),
    ('Dinner', 'Boeuf Bourguignon'),
    ('Soup', 'Borscht'),
    ('Dinner', 'Bulgogi'),
    ('Dinner', 'Butter Chicken'),
    ('Dinner', 'Chicken Curry'),
    ('Dinner', 'Chicken Karahi'),
    ('Dinner', 'Chicken Paprikash'),
    ('Dinner', 'Chiles en Nogada'),
    ('Snack', 'Chimichurri'),
    ('Dessert', 'Chocolate Cake'),
    ('Dinner', 'Couscous'),
    ('Breakfast', 'Croissants'),
    ('Snack', 'Dolma'),
    ('Snack', 'Empanadas'),
    ('Dinner', 'Enchiladas'),
    ('Snack', 'Falafel'),
    ('Salad', 'Fattoush'),
    ('Lunch', 'Fish and Chips'),
    ('Soup', 'Fisherman\'s Soup'),
    ('Dessert', 'Flan'),
    ('Breakfast', 'Ful Medames'),
    ('Salad', 'Gado-Gado'),
    ('Soup', 'Gazpacho'),
    ('Dinner', 'Goulash'),
    ('Snack', 'Guacamole'),
    ('Lunch', 'Gyros'),
    ('Soup', 'Harira'),
    ('Snack', 'Harissa'),
    ('Soup', 'Hot and Sour Soup'),
    ('Snack', 'Hummus'),
    ('Dinner', 'Japchae'),
    ('Dinner', 'Kare-Kare'),
    ('Dinner', 'Keema'),
    ('Snack', 'Kimchi'),
    ('Dessert', 'Knafeh'),
    ('Lunch', 'Koshari'),
    ('Dinner', 'Kung Pao Chicken'),
    ('Dinner', 'Lasagna'),
    ('Snack', 'Lavash'),
    ('Dinner', 'Lechon'),
    ('Lunch', 'Lecsó'),
    ('Lunch', 'Mahshi'),
    ('Dinner', 'Maqluba'),
    ('Dinner', 'Milanesa'),
    ('Dinner', 'Molokhia'),
    ('Lunch', 'Moules Frites'),
    ('Dinner', 'Moussaka'),
    ('Lunch', 'Nasi Goreng'),
    ('Snack', 'Okonomiyaki'),
    ('Dinner', 'Paella'),
    ('Lunch', 'Pancit'),
    ('Dinner', 'Pastitsio'),
    ('Dinner', 'Peking Duck'),
    ('Dinner', 'Pelmeni'),
    ('Snack', 'Provoleta'),
    ('Dessert', 'Pumpkin Pie'),
    ('Breakfast', 'Quiche'),
    ('Lunch', 'Ramen'),
    ('Soup', 'Rasam'),
    ('Dinner', 'Ratatouille'),
    ('Dinner', 'Rendang'),
    ('Lunch', 'Risotto'),
    ('Dinner', 'Rogan Josh'),
    ('Dinner', 'Satay'),
    ('Breakfast', 'Shakshuka'),
    ('Dinner', 'Shepherd\'s Pie'),
    ('Dinner', 'Spaghetti Carbonara'),
    ('Lunch', 'Spanakopita'),
    ('Dinner', 'Stoofvlees'),
    ('Dinner', 'Sushi'),
    ('Dinner', 'Sweet and Sour Pork'),
    ('Salad', 'Tabbouleh'),
    ('Snack', 'Tacos'),
    ('Dinner', 'Tagine'),
    ('Dinner', 'Tandoori Chicken'),
    ('Snack', 'Tempura'),
    ('Dessert', 'Tiramisu'),
    ('Breakfast', 'Tortilla Española'),
    ('Dessert', 'Trifle'),
    ('Lunch', 'Waterzooi'),
    ('Dinner', 'Yorkshire Pudding');


INSERT INTO meal_tag (tag, recipe_name) VALUES
('Brunch', 'Adobo'),
('Quick Lunch', 'Adobo'),
('Appetiser', 'Apple Pie'),
('Cold Dish', 'Apple Pie'),
('Summer Dish', 'Baklava'),
('Salty', 'Baklava'),
('Refreshment', 'Basturma'),
('Spicy', 'Basturma'),
('Sweet and Sour', 'BBQ Ribs'),
('Sweet', 'BBQ Ribs'),
('Quick Lunch', 'Beef Stroganoff'),
('Brunch', 'Beef Stroganoff'),
('Sweet and Sour', 'Belgian Waffles'),
('Summer Dish', 'Belgian Waffles'),
('Quick Lunch', 'Bibimbap'),
('Warm Dish', 'Bibimbap'),
('Spicy', 'Biryani'),
('Cold Dish', 'Biryani'),
('Sweet and Sour', 'Bissara'),
('Warm Dish', 'Bissara'),
('Summer Dish', 'Blini'),
('Salty', 'Blini'),
('Winter Dish', 'Boeuf Bourguignon'),
('Appetiser', 'Boeuf Bourguignon'),
('Quick Lunch', 'Borscht'),
('Refreshment', 'Borscht'),
('Summer Dish', 'Bulgogi'),
('Spicy', 'Bulgogi'),
('Quick Lunch', 'Butter Chicken'),
('Cold Dish', 'Butter Chicken'),
('Appetiser', 'Chicken Curry'),
('Warm Dish', 'Chicken Curry'),
('Sweet', 'Chicken Karahi'),
('Brunch', 'Chicken Karahi'),
('Appetiser', 'Chicken Paprikash'),
('Summer Dish', 'Chicken Paprikash'),
('Quick Lunch', 'Chiles en Nogada'),
('Salty', 'Chiles en Nogada'),
('Spicy', 'Chimichurri'),
('Brunch', 'Chimichurri'),
('Sweet and Sour', 'Chocolate Cake'),
('Summer Dish', 'Chocolate Cake'),
('Salty', 'Couscous'),
('Quick Lunch', 'Couscous'),
('Spicy', 'Croissants'),
('Brunch', 'Croissants'),
('Quick Lunch', 'Dolma'),
('Warm Dish', 'Dolma'),
('Appetiser', 'Empanadas'),
('Salty', 'Empanadas'),
('Sweet and Sour', 'Enchiladas'),
('Winter Dish', 'Enchiladas'),
('Brunch', 'Falafel'),
('Quick Lunch', 'Falafel'),
('Appetiser', 'Fattoush'),
('Warm Dish', 'Fattoush'),
('Quick Lunch', 'Fish and Chips'),
('Spicy', 'Fish and Chips'),
('Summer Dish', 'Fisherman\'s Soup'),
('Cold Dish', 'Fisherman\'s Soup'),
('Appetiser', 'Flan'),
('Brunch', 'Flan'),
('Sweet and Sour', 'Ful Medames'),
('Cold Dish', 'Ful Medames'),
('Spicy', 'Gado-Gado'),
('Quick Lunch', 'Gado-Gado'),
('Summer Dish', 'Gazpacho'),
('Winter Dish', 'Gazpacho'),
('Appetiser', 'Goulash'),
('Brunch', 'Goulash'),
('Cold Dish', 'Guacamole'),
('Quick Lunch', 'Guacamole'),
('Quick Lunch', 'Gyros'),
('Summer Dish', 'Gyros'),
('Sweet', 'Harira'),
('Warm Dish', 'Harira'),
('Quick Lunch', 'Harissa'),
('Appetiser', 'Harissa'),
('Quick Lunch', 'Hot and Sour Soup'),
('Winter Dish', 'Hot and Sour Soup'),
('Summer Dish', 'Hummus'),
('Salty', 'Hummus'),
('Quick Lunch', 'Japchae'),
('Sweet and Sour', 'Japchae'),
('Warm Dish', 'Kare-Kare'),
('Quick Lunch', 'Kare-Kare'),
('Summer Dish', 'Keema'),
('Brunch', 'Keema'),
('Sweet', 'Kimchi'),
('Cold Dish', 'Kimchi'),
('Spicy', 'Knafeh'),
('Salty', 'Knafeh'),
('Sweet', 'Koshari'),
('Quick Lunch', 'Koshari'),
('Summer Dish', 'Kung Pao Chicken'),
('Salty', 'Kung Pao Chicken'),
('Quick Lunch', 'Lasagna'),
('Sweet and Sour', 'Lasagna'),
('Winter Dish', 'Lavash'),
('Salty', 'Lavash'),
('Appetiser', 'Lechon'),
('Quick Lunch', 'Lechon'),
('Summer Dish', 'Lecsó'),
('Sweet and Sour', 'Lecsó'),
('Appetiser', 'Mahshi'),
('Quick Lunch', 'Mahshi'),
('Cold Dish', 'Maqluba'),
('Brunch', 'Maqluba'),
('Salty', 'Milanesa'),
('Quick Lunch', 'Milanesa'),
('Quick Lunch', 'Molokhia'),
('Summer Dish', 'Molokhia'),
('Sweet and Sour', 'Moules Frites'),
('Salty', 'Moules Frites'),
('Quick Lunch', 'Moussaka'),
('Winter Dish', 'Moussaka'),
('Brunch', 'Nasi Goreng'),
('Quick Lunch', 'Nasi Goreng'),
('Sweet', 'Okonomiyaki'),
('Quick Lunch', 'Okonomiyaki'),
('Summer Dish', 'Paella'),
('Brunch', 'Paella'),
('Quick Lunch', 'Pancit'),
('Cold Dish', 'Pancit'),
('Salty', 'Pastitsio'),
('Summer Dish', 'Pastitsio'),
('Summer Dish', 'Peking Duck'),
('Quick Lunch', 'Peking Duck'),
('Salty', 'Pelmeni'),
('Warm Dish', 'Pelmeni'),
('Quick Lunch', 'Provoleta'),
('Summer Dish', 'Provoleta'),
('Appetiser', 'Pumpkin Pie'),
('Quick Lunch', 'Pumpkin Pie'),
('Brunch', 'Quiche'),
('Summer Dish', 'Quiche'),
('Summer Dish', 'Ramen'),
('Quick Lunch', 'Ramen'),
('Cold Dish', 'Rasam'),
('Salty', 'Rasam'),
('Summer Dish', 'Ratatouille'),
('Quick Lunch', 'Ratatouille'),
('Quick Lunch', 'Rendang'),
('Brunch', 'Rendang'),
('Sweet', 'Risotto'),
('Warm Dish', 'Risotto'),
('Quick Lunch', 'Rogan Josh'),
('Salty', 'Rogan Josh'),
('Appetiser', 'Satay'),
('Summer Dish', 'Satay'),
('Brunch', 'Shakshuka'),
('Quick Lunch', 'Shakshuka'),
('Quick Lunch', 'Shepherd\'s Pie'),
('Winter Dish', 'Shepherd\'s Pie'),
('Sweet', 'Spaghetti Carbonara'),
('Quick Lunch', 'Spaghetti Carbonara'),
('Quick Lunch', 'Spanakopita'),
('Winter Dish', 'Spanakopita'),
('Brunch', 'Stoofvlees'),
('Spicy', 'Stoofvlees'),
('Appetiser', 'Sushi'),
('Sweet and Sour', 'Sushi'),
('Quick Lunch', 'Sweet and Sour Pork'),
('Brunch', 'Sweet and Sour Pork'),
('Cold Dish', 'Tabbouleh'),
('Warm Dish', 'Tabbouleh'),
('Appetiser', 'Tacos'),
('Salty', 'Tacos'),
('Quick Lunch', 'Tagine'),
('Summer Dish', 'Tagine'),
('Cold Dish', 'Tandoori Chicken'),
('Warm Dish', 'Tandoori Chicken'),
('Sweet', 'Tempura'),
('Salty', 'Tempura'),
('Brunch', 'Tiramisu'),
('Quick Lunch', 'Tiramisu'),
('Sweet', 'Tortilla Española'),
('Summer Dish', 'Tortilla Española'),
('Quick Lunch', 'Trifle'),
('Appetiser', 'Trifle'),
('Cold Dish', 'Waterzooi'),
('Sweet and Sour', 'Waterzooi'),
('Salty', 'Yorkshire Pudding'),
('Warm Dish', 'Yorkshire Pudding');


INSERT INTO tips (recipe_name, tip_id, tip) VALUES
('Adobo', 1, 'preserve it cold'),
('Apple Pie', 1, 'don\'t leave out of fridge for too long'),
('Baklava', 1, 'serve it with lamb\'s sauce'),
('Basturma', 1, 'preserve it cold'),
('BBQ Ribs', 1, 'don\'t leave out of fridge for too long'),
('Beef Stroganoff', 1, 'serve it with lamb\'s sauce'),
('Belgian Waffles', 1, 'preserve it cold'),
('Bibimbap', 1, 'don\'t leave out of fridge for too long'),
('Biryani', 1, 'serve it with lamb\'s sauce'),
('Bissara', 1, 'preserve it cold'),
('Blini', 1, 'don\'t leave out of fridge for too long'),
('Boeuf Bourguignon', 1, 'serve it with lamb\'s sauce'),
('Borscht', 1, 'preserve it cold'),
('Bulgogi', 1, 'don\'t leave out of fridge for too long'),
('Butter Chicken', 1, 'serve it with lamb\'s sauce'),
('Chicken Curry', 1, 'preserve it cold'),
('Chicken Karahi', 1, 'don\'t leave out of fridge for too long'),
('Chicken Paprikash', 1, 'serve it with lamb\'s sauce'),
('Chiles en Nogada', 1, 'preserve it cold'),
('Chimichurri', 1, 'don\'t leave out of fridge for too long'),
('Chocolate Cake', 1, 'serve it with lamb\'s sauce'),
('Couscous', 1, 'preserve it cold'),
('Croissants', 1, 'don\'t leave out of fridge for too long'),
('Dolma', 1, 'serve it with lamb\'s sauce'),
('Empanadas', 1, 'preserve it cold'),
('Enchiladas', 1, 'don\'t leave out of fridge for too long'),
('Falafel', 1, 'serve it with lamb\'s sauce'),
('Fattoush', 1, 'preserve it cold'),
('Fish and Chips', 1, 'don\'t leave out of fridge for too long'),
('Fisherman\'s Soup', 1, 'serve it with lamb\'s sauce'),
('Flan', 1, 'preserve it cold'),
('Ful Medames', 1, 'don\'t leave out of fridge for too long'),
('Gado-Gado', 1, 'serve it with lamb\'s sauce'),
('Gazpacho', 1, 'preserve it cold'),
('Goulash', 1, 'don\'t leave out of fridge for too long'),
('Guacamole', 1, 'serve it with lamb\'s sauce'),
('Gyros', 1, 'preserve it cold'),
('Harira', 1, 'don\'t leave out of fridge for too long'),
('Harissa', 1, 'serve it with lamb\'s sauce'),
('Hot and Sour Soup', 1, 'preserve it cold'),
('Hummus', 1, 'don\'t leave out of fridge for too long'),
('Japchae', 1, 'serve it with lamb\'s sauce'),
('Kare-Kare', 1, 'preserve it cold'),
('Keema', 1, 'don\'t leave out of fridge for too long'),
('Kimchi', 1, 'serve it with lamb\'s sauce'),
('Knafeh', 1, 'preserve it cold'),
('Koshari', 1, 'don\'t leave out of fridge for too long'),
('Kung Pao Chicken', 1, 'serve it with lamb\'s sauce'),
('Lasagna', 1, 'preserve it cold'),
('Lavash', 1, 'don\'t leave out of fridge for too long'),
('Lechon', 1, 'serve it with lamb\'s sauce'),
('Lecsó', 1, 'preserve it cold'),
('Mahshi', 1, 'don\'t leave out of fridge for too long'),
('Maqluba', 1, 'serve it with lamb\'s sauce'),
('Milanesa', 1, 'preserve it cold'),
('Molokhia', 1, 'don\'t leave out of fridge for too long'),
('Moules Frites', 1, 'serve it with lamb\'s sauce'),
('Moussaka', 1, 'preserve it cold'),
('Nasi Goreng', 1, 'don\'t leave out of fridge for too long'),
('Okonomiyaki', 1, 'serve it with lamb\'s sauce'),
('Paella', 1, 'preserve it cold'),
('Pancit', 1, 'don\'t leave out of fridge for too long'),
('Pastitsio', 1, 'serve it with lamb\'s sauce'),
('Peking Duck', 1, 'preserve it cold'),
('Pelmeni', 1, 'don\'t leave out of fridge for too long'),
('Provoleta', 1, 'serve it with lamb\'s sauce'),
('Pumpkin Pie', 1, 'preserve it cold'),
('Quiche', 1, 'don\'t leave out of fridge for too long'),
('Ramen', 1, 'serve it with lamb\'s sauce'),
('Rasam', 1, 'preserve it cold'),
('Ratatouille', 1, 'don\'t leave out of fridge for too long'),
('Rendang', 1, 'serve it with lamb\'s sauce'),
('Risotto', 1, 'preserve it cold'),
('Rogan Josh', 1, 'don\'t leave out of fridge for too long'),
('Satay', 1, 'serve it with lamb\'s sauce'),
('Shakshuka', 1, 'preserve it cold'),
('Shepherd\'s Pie', 1, 'don\'t leave out of fridge for too long'),
('Spaghetti Carbonara', 1, 'serve it with lamb\'s sauce'),
('Spanakopita', 1, 'preserve it cold'),
('Stoofvlees', 1, 'don\'t leave out of fridge for too long'),
('Sushi', 1, 'serve it with lamb\'s sauce'),
('Sweet and Sour Pork', 1, 'preserve it cold'),
('Tabbouleh', 1, 'don\'t leave out of fridge for too long'),
('Tacos', 1, 'serve it with lamb\'s sauce'),
('Tagine', 1, 'preserve it cold'),
('Tandoori Chicken', 1, 'don\'t leave out of fridge for too long'),
('Tempura', 1, 'serve it with lamb\'s sauce'),
('Tiramisu', 1, 'preserve it cold'),
('Tortilla Española', 1, 'don\'t leave out of fridge for too long'),
('Trifle', 1, 'serve it with lamb\'s sauce'),
('Waterzooi', 1, 'preserve it cold'),
('Yorkshire Pudding', 1, 'don\'t leave out of fridge for too long'),
('Adobo', 2, 'served with nuts'),
('Apple Pie', 2, 'don\'t leave it in sunny places'),
('Baklava', 2, 'it is preserved for 4 days'),
('Basturma', 2, 'served with nuts'),
('BBQ Ribs', 2, 'don\'t leave it in sunny places'),
('Beef Stroganoff', 2, 'it is preserved for 4 days'),
('Belgian Waffles', 2, 'served with nuts'),
('Bibimbap', 2, 'don\'t leave it in sunny places'),
('Biryani', 2, 'it is preserved for 4 days'),
('Bissara', 2, 'served with nuts'),
('Blini', 2, 'don\'t leave it in sunny places'),
('Boeuf Bourguignon', 2, 'it is preserved for 4 days'),
('Borscht', 2, 'served with nuts'),
('Bulgogi', 2, 'don\'t leave it in sunny places'),
('Butter Chicken', 2, 'it is preserved for 4 days'),
('Chicken Curry', 2, 'served with nuts'),
('Chicken Karahi', 2, 'don\'t leave it in sunny places'),
('Chicken Paprikash', 2, 'it is preserved for 4 days'),
('Chiles en Nogada', 2, 'served with nuts'),
('Chimichurri', 2, 'don\'t leave it in sunny places'),
('Chocolate Cake', 2, 'it is preserved for 4 days'),
('Couscous', 2, 'served with nuts'),
('Croissants', 2, 'don\'t leave it in sunny places'),
('Dolma', 2, 'it is preserved for 4 days'),
('Empanadas', 2, 'served with nuts'),
('Enchiladas', 2, 'don\'t leave it in sunny places'),
('Falafel', 2, 'it is preserved for 4 days'),
('Fattoush', 2, 'served with nuts'),
('Fish and Chips', 2, 'don\'t leave it in sunny places'),
('Fisherman\'s Soup', 2, 'it is preserved for 4 days'),
('Flan', 2, 'served with nuts'),
('Ful Medames', 2, 'don\'t leave it in sunny places'),
('Gado-Gado', 2, 'it is preserved for 4 days'),
('Gazpacho', 2, 'served with nuts'),
('Goulash', 2, 'don\'t leave it in sunny places'),
('Guacamole', 2, 'it is preserved for 4 days'),
('Gyros', 2, 'served with nuts'),
('Harira', 2, 'don\'t leave it in sunny places'),
('Harissa', 2, 'it is preserved for 4 days'),
('Hot and Sour Soup', 2, 'served with nuts'),
('Hummus', 2, 'don\'t leave it in sunny places'),
('Japchae', 2, 'it is preserved for 4 days'),
('Kare-Kare', 2, 'served with nuts'),
('Keema', 2, 'don\'t leave it in sunny places'),
('Kimchi', 2, 'it is preserved for 4 days'),
('Adobo', 3, 'add lemon juice'),
('Apple Pie', 3, 'dry it in the oven before serving'),
('Baklava', 3, 'very nutritious for children'),
('Basturma', 3, 'add lemon juice'),
('BBQ Ribs', 3, 'dry it in the oven before serving'),
('Beef Stroganoff', 3, 'very nutritious for children'),
('Belgian Waffles', 3, 'add lemon juice'),
('Bibimbap', 3, 'dry it in the oven before serving'),
('Biryani', 3, 'very nutritious for children'),
('Bissara', 3, 'add lemon juice');

INSERT INTO rec_steps (recipe_name, exec_number, step_desc) VALUES
('Adobo', 1, 'Marinate the meat with vinegar and soy sauce'),
('Apple Pie', 1, 'Prepare the pie crust and let it chill'),
('Baklava', 1, 'Layer phyllo dough with nuts and butter'),
('Basturma', 1, 'Rub the meat with spices and hang to dry'),
('BBQ Ribs', 1, 'Season ribs and cook slowly over low heat'),
('Beef Stroganoff', 1, 'Brown the beef and cook with onions and mushrooms'),
('Belgian Waffles', 1, 'Mix batter and preheat the waffle iron'),
('Bibimbap', 1, 'Prepare and cook the various vegetables and meats'),
('Biryani', 1, 'Marinate the meat and soak the rice'),
('Bissara', 1, 'Cook the split peas and blend them into a paste'),
('Blini', 1, 'Prepare the batter and let it rest before cooking'),
('Boeuf Bourguignon', 1, 'Marinate the beef in red wine'),
('Borscht', 1, 'Prepare the beets and other vegetables'),
('Bulgogi', 1, 'Marinate the beef with soy sauce and sugar'),
('Butter Chicken', 1, 'Marinate the chicken in yogurt and spices'),
('Chicken Curry', 1, 'Cook the onions, garlic, and ginger until fragrant'),
('Chicken Karahi', 1, 'Cook the chicken with tomatoes and green chilies'),
('Chicken Paprikash', 1, 'Brown the chicken and cook with onions and paprika'),
('Chiles en Nogada', 1, 'Prepare the picadillo filling'),
('Chimichurri', 1, 'Blend the parsley, garlic, and vinegar'),
('Chocolate Cake', 1, 'Mix the dry ingredients and preheat the oven'),
('Couscous', 1, 'Steam the couscous and fluff with a fork'),
('Croissants', 1, 'Prepare the dough and laminate with butter'),
('Dolma', 1, 'Prepare the filling and roll the grape leaves'),
('Empanadas', 1, 'Prepare the dough and filling'),
('Enchiladas', 1, 'Prepare the sauce and cook the filling'),
('Falafel', 1, 'Soak the chickpes and blend with spices'),
('Fattoush', 1, 'Prepare the vegetables and toast the bread'),
('Fish and Chips', 1, 'Batter the fish and fry until golden'),
('Fisherman\'s Soup', 1, 'Prepare the fish and cook with vegetables'),
('Flan', 1, 'Prepare the caramel and custard mixture'),
('Ful Medames', 1, 'Cook the fava beans and mix with olive oil'),
('Gado-Gado', 1, 'Prepare the vegetables and peanut sauce'),
('Gazpacho', 1, 'Blend the tomatoes and vegetables together'),
('Goulash', 1, 'Brown the meat and cook with paprika and onions'),
('Guacamole', 1, 'Mash the avocados and mix with lime juice'),
('Gyros', 1, 'Prepare the meat and cook on a rotisserie'),
('Harira', 1, 'Cook the meat with lentils and chickpes'),
('Harissa', 1, 'Blend the chili peppers with spices'),
('Hot and Sour Soup', 1, 'Prepare the broth and add the tofu and vegetables'),
('Hummus', 1, 'Blend the chickpas with tahini and lemon juice'),
('Japchae', 1, 'Cook the noodles and stir-fry the vegetables'),
('Kare-Kare', 1, 'Prepare the peanut sauce and cook the meat'),
('Keema', 1, 'Cook the ground meat with spices'),
('Kimchi', 1, 'Ferment the cabage with chili paste'),
('Knafeh', 1, 'Prepare the cheese filling and layer with phyllo'),
('Koshari', 1, 'Cook the rice, lentils, and pasta separately'),
('Kung Pao Chicken', 1, 'Stir-fry the chicken with peanuts and vegetables'),
('Lasagna', 1, 'Prepare the meat sauce and layer with noodles and cheese'),
('Lavash', 1, 'Roll out the dough and bake in a hot oven'),
('Lechon', 1, 'Marinate the pork and roast until crispy'),
('Lecsó', 1, 'Cook the peppers and tomatoes with paprika'),
('Mahshi', 1, 'Prepare the filling and stuff the vegetables'),
('Maqluba', 1, 'Layer the meat and vegetables with rice'),
('Milanesa', 1, 'Bread the meat and fry until golden'),
('Molokhia', 1, 'Cook the jute leaves with garlic and spices'),
('Moules Frites', 1, 'Cook the mussels with white wine and garlic'),
('Moussaka', 1, 'Prepare the meat sauce and layer with eggplant'),
('Nasi Goreng', 1, 'Stir-fry the rice with vegetables and meat'),
('Okonomiyaki', 1, 'Prepare the batter and cook on a griddle'),
('Paella', 1, 'Cook the rice with saffron and seafood'),
('Pancit', 1, 'Stir-fry the noodles with vegetables and meat'),
('Pastitsio', 1, 'Prepare the meat sauce and layer with pasta'),
('Peking Duck', 1, 'Roast the duck until the skin is crispy'),
('Pelmeni', 1, 'Prepare the dough and fill with meat'),
('Provoleta', 1, 'Grill the cheese until melted and bubbly'),
('Pumpkin Pie', 1, 'Prepare the pie crust and pumpkin filling'),
('Quiche', 1, 'Prepare the pastry and filling'),
('Ramen', 1, 'Prepare the broth and cook the noodles'),
('Rasam', 1, 'Cook the tomatoes with tamarind and spices'),
('Ratatouille', 1, 'Layer the vegetables and bake until tender'),
('Rendang', 1, 'Cook the beef slowly with coconut milk and spices'),
('Risotto', 1, 'Cook the rice slowly with broth'),
('Rogan Josh', 1, 'Marinate the meat and cook with yogurt and spices'),
('Satay', 1, 'Marinate the meat and grill on skewers'),
('Shakshuka', 1, 'Cook the tomatoes and poach the eggs'),
('Shepherd\'s Pie', 1, 'Prepare the meat filling and top with mashed potatoes'),
('Spaghetti Carbonara', 1, 'Cook the pasta and mix with eggs and cheese'),
('Spanakopita', 1, 'Prepare the spinnach filling and layer with phyllo'),
('Stoofvlees', 1, 'Brown the beef and cook with beer and onions'),
('Sushi', 1, 'Prepare the rice and roll with fish and vegetables'),
('Sweet and Sour Pork', 1, 'Batter the pork and cook with sweet and sour sauce'),
('Tabbouleh', 1, 'Prepare the bulgur and mix with herbs and vegetables'),
('Tacos', 1, 'Prepare the filling and assemble the tacos'),
('Tagine', 1, 'Cook the meat slowly with spices in a tagine pot'),
('Tandoori Chicken', 1, 'Marinate the chicken with yogurt and spices'),
('Tempura', 1, 'Batter the vegetables and shrimp and fry until crispy'),
('Tiramisu', 1, 'Prepare the mascarpone filling and layer with coffee-soaked ladyfingers'),
('Tortilla Española', 1, 'Cook the potatoes and onions and mix with eggs'),
('Trifle', 1, 'Layer the cake with custard and fruit'),
('Waterzooi', 1, 'Cook the chicken with vegetables and cream'),
('Yorkshire Pudding', 1, 'Prepare the batter and bake in hot oil'),
('Adobo', 2, 'Simmer the meat until tender'),
('Apple Pie', 2, 'Fill the pie crust with apple mixture'),
('Baklava', 2, 'Bake until golden brown'),
('Basturma', 2, 'Slice the basturma thinly and serve'),
('BBQ Ribs', 2, 'Brush with BBQ sauce and finish grilling'),
('Beef Stroganoff', 2, 'Add sour cream and serve over noodles'),
('Belgian Waffles', 2, 'Cook until golden and crispy'),
('Bibimbap', 2, 'Top with fried egg and serve with gochujang'),
('Biryani', 2, 'Layer the rice and meat and cook on low heat'),
('Bissara', 2, 'Garnish with olive oil and cumin'),
('Blini', 2, 'Cook on a griddle until bubbles form'),
('Boeuf Bourguignon', 2, 'Simmer the beef until tender and sauce thickens'),
('Borscht', 2, 'Simmer the soup until vegetables are tender'),
('Bulgogi', 2, 'Grill the beef until caramelized'),
('Butter Chicken', 2, 'Simmer the chicken in tomato sauce with cream'),
('Chicken Curry', 2, 'Add coconut milk and simmer until thickened'),
('Chicken Karahi', 2, 'Cook the chicken until sauce thickens'),
('Chicken Paprikash', 2, 'Simmer the chicken until tender'),
('Chiles en Nogada', 2, 'Stuff the chiles with the picadillo filling'),
('Chimichurri', 2, 'Serve the chimichurri with grilled meat'),
('Chocolate Cake', 2, 'Bake until a toothpick comes out clean'),
('Couscous', 2, 'Fluff the couscous with a fork before serving'),
('Croissants', 2, 'Shape the croissants and bake until golden'),
('Dolma', 2, 'Cook the stuffed grape leaves until tender'),
('Empanadas', 2, 'Bake the empanadas until golden brown'),
('Enchiladas', 2, 'Roll the tortillas with filling and bake with sauce'),
('Falafel', 2, 'Fry the falafel until golden and crispy'),
('Fattoush', 2, 'Toss the salad with dressing just before serving'),
('Fish and Chips', 2, 'Fry the potatoes until golden and crispy'),
('Fisherman\'s Soup', 2, 'Simmer the soup until flavors meld'),
('Flan', 2, 'Bake in a water bath until set'),
('Ful Medames', 2, 'Garnish with olive oil and serve with pita bread'),
('Gado-Gado', 2, 'Mix the vegetables with peanut sauce'),
('Gazpacho', 2, 'Chill the soup before serving'),
('Goulash', 2, 'Simmer until the meat is tender'),
('Guacamole', 2, 'Mix in chopped onions and tomatoes'),
('Gyros', 2, 'Serve the meat in pita with tzatziki'),
('Harira', 2, 'Simmer until lentils and chickpas are tender'),
('Harissa', 2, 'Store in a jar and refrigerate'),
('Hot and Sour Soup', 2, 'Add vinegar and pepper to taste'),
('Hummus', 2, 'Drizzle with olive oil before serving'),
('Japchae', 2, 'Stir-fry noodles with soy sauce and sesame oil'),
('Kare-Kare', 2, 'Add vegetables and cook until tender'),
('Keema', 2, 'Simmer until meat is cooked through'),
('Kimchi', 2, 'Ferment the kimchi for a few days'),
('Knafeh', 2, 'Bake until golden and drizzle with syrup'),
('Koshari', 2, 'Layer rice, lentils, and pasta with tomato sauce'),
('Kung Pao Chicken', 2, 'Add peanuts and cook until sauce thickens'),
('Lasagna', 2, 'Layer pasta, meat sauce, and cheese and bake'),
('Lavash', 2, 'Cool the lavash and store in an airtight container'),
('Lechon', 2, 'Serve the lechon with dipping sauce'),
('Lecsó', 2, 'Simmer until vegetables are tender'),
('Mahshi', 2, 'Cook the stuffed vegetables until tender'),
('Maqluba', 2, 'Invert the pot to serve the layered dish'),
('Milanesa', 2, 'Serve the milanesa with lemon wedges'),
('Molokhia', 2, 'Serve the molokhia with rice or bread'),
('Moules Frites', 2, 'Serve mussels with fries and aioli'),
('Moussaka', 2, 'Bake until the top is golden and bubbly'),
('Nasi Goreng', 2, 'Garnish with fried egg and scallions'),
('Okonomiyaki', 2, 'Drizzle with mayonnaise and okonomiyaki sauce'),
('Paella', 2, 'Cook until the rice is tender and socarrat forms'),
('Pancit', 2, 'Garnish with lemon wedges and serve'),
('Pastitsio', 2, 'Bake until the top is golden'),
('Peking Duck', 2, 'Serve with pancakes and hoisin sauce'),
('Pelmeni', 2, 'Boil the dumplings until they float'),
('Provoleta', 2, 'Serve immediately while hot and melted'),
('Pumpkin Pie', 2, 'Bake until the filling is set'),
('Quiche', 2, 'Bake until the filling is set and golden'),
('Ramen', 2, 'Assemble the ramen with broth and toppings'),
('Rasam', 2, 'Simmer until flavors are well combined'),
('Ratatouille', 2, 'Bake until the vegetables are tender'),
('Rendang', 2, 'Cook until the sauce is thick and caramelized'),
('Risotto', 2, 'Stir in butter and parmesan before serving'),
('Rogan Josh', 2, 'Simmer until the meat is tender'),
('Satay', 2, 'Serve the satay with peanut sauce'),
('Shakshuka', 2, 'Poach the eggs in the tomato sauce'),
('Adobo', 3, 'Marinate the meat for at least an hour'),
('Apple Pie', 3, 'Bake until the crust is golden brown'),
('Baklava', 3, 'Pour syrup over hot baklava and let it soak'),
('Basturma', 3, 'Air dry the meat for several days'),
('BBQ Ribs', 3, 'Let the ribs rest before serving'),
('Beef Stroganoff', 3, 'Serve over buttered noodles'),
('Belgian Waffles', 3, 'Serve with whipped cream and berries'),
('Bibimbap', 3, 'Mix all ingredients thoroughly before eating'),
('Biryani', 3, 'Let the biryani rest for a few minutes before serving'),
('Bissara', 3, 'Blend until smooth and creamy'),
('Pelmeni', 3, 'Serve hot with sour cream'),
('Provoleta', 3, 'Garnish with oregano and serve immediately'),
('Pumpkin Pie', 3, 'Let the pie cool before slicing'),
('Quiche', 3, 'Allow to cool slightly before serving'),
('Ramen', 3, 'Serve hot with desired toppings'),
('Rasam', 3, 'Serve hot as a soup or with rice'),
('Ratatouille', 3, 'Garnish with fresh herbs before serving'),
('Rendang', 3, 'Cook until the meat is very tender'),
('Risotto', 3, 'Serve immediately while creamy'),
('Rogan Josh', 3, 'Garnish with cilantro and serve hot'),
('Satay', 3, 'Grill the skewers until slightly charred'),
('Shakshuka', 3, 'Serve hot with crusty bread'),
('Shepherd\'s Pie', 3, 'Bake until the top is golden brown'),
('Spaghetti Carbonara', 3, 'Serve immediately with extra cheese'),
('Spanakopita', 3, 'Bake until the pastry is golden and crispy');

INSERT INTO cooking_gear (gear_name, gear_desc, gear_pic) VALUES
('Chef\'s Knife', 'A versatile kitchen knife used for chopping slicing and dicing', 'gears/1.jpg'),
('Cutting Board', 'A flat board on which food is cut', 'gears/2.jpg'),
('Mixing Bowl', 'A bowl used for mixing ingredients', 'gears/3.jpg'),
('Whisk', 'A kitchen utensil used for whipping and mixing', 'gears/4.jpg'),
('Spatula', 'A flat kitchen tool used for lifting and flipping food', 'gears/5.jpg'),
('Tongs', 'A tool consisting of two arms with a pivot used for grasping and lifting', 'gears/6.jpg'),
('Measuring Cups', 'Cups used to measure dry or liquid ingredients', 'gears/7.jpg'),
('Measuring Spoons', 'Spoons used to measure small amounts of ingredients', 'gears/8.jpg'),
('Saucepan', 'A deep cooking pan with a handle and sometimes a lid', 'gears/9.jpg'),
('Skillet', 'A frying pan with a flat bottom and low sides', 'gears/10.jpg'),
('Colander', 'A bowl-shaped kitchen utensil with holes used for draining food', 'gears/11.jpg'),
('Baking Sheet', 'A flat metal pan used for baking', 'gears/12.jpg'),
('Rolling Pin', 'A cylindrical tool used to flatten dough', 'gears/13.jpg'),
('Muffin Pan', 'A pan with multiple cup-shaped indentations used for baking muffins or cupcakes', 'gears/14.jpg'),
('Pastry Brush', 'A brush used for applying glazes or sauces to pastries', 'gears/15.jpg'),
('Peeler', 'A kitchen tool used to remove the outer skin of fruits and vegetables', 'gears/16.jpg'),
('Grater', 'A kitchen utensil with sharp-edged holes used to shred or grate food', 'gears/17.jpg'),
('Potato Masher', 'A tool used to mash cooked potatoes or other soft foods', 'gears/18.jpg'),
('Kitchen Shears', 'Scissors designed for use in the kitchen', 'gears/19.jpg'),
('Garlic Press', 'A tool used to crush garlic cloves', 'gears/20.jpg'),
('Can Opener', 'A device used to open cans', 'gears/21.jpg'),
('Vegetable Steamer', 'A cooking utensil used for steaming vegetables', 'gears/22.jpg'),
('Casserole Dish', 'A deep dish used for cooking casseroles', 'gears/23.jpg'),
('Cake Pan', 'A round or square pan used for baking cakes', 'gears/24.jpg'),
('Strainer', 'A kitchen tool used for straining liquids or separating solids from liquids', 'gears/25.jpg'),
('Pizza Cutter', 'A tool with a sharp wheel used for cutting pizza', 'gears/26.jpg'),
('Timer', 'A device used to measure time intervals', 'gears/27.jpg'),
('Oven Mitts', 'Thick protective gloves worn to handle hot cookware', 'gears/28.jpg'),
('Apron', 'A protective garment worn over clothes while cooking', 'gears/29.jpg'),
('Digital Scale', 'A device used to accurately measure the weight of ingredients', 'gears/30.jpg'),
('Food Processor', 'An electric kitchen appliance used for chopping mixing or pureeing food', 'gears/31.jpg'),
('Blender', 'A kitchen appliance used to blend or puree ingredients', 'gears/32.jpg'),
('Stand Mixer', 'A countertop appliance used for mixing and whipping ingredients', 'gears/33.jpg'),
('Immersion Blender', 'A handheld kitchen appliance used for blending or pureeing ingredients', 'gears/34.jpg'),
('Toaster', 'A small kitchen appliance used for toasting bread', 'gears/35.jpg'),
('Coffee Maker', 'A machine used to brew coffee', 'gears/36.jpg'),
('Tea Kettle', 'A pot with a spout lid and handle used for boiling water for tea', 'gears/37.jpg'),
('Pressure Cooker', 'A sealed pot used to cook food quickly under steam pressure', 'gears/38.jpg'),
('Slow Cooker', 'An electric cooking pot used for simmering at low temperatures over a long period', 'gears/39.jpg'),
('Rice Cooker', 'A kitchen appliance used to cook rice automatically', 'gears/40.jpg'),
('Wok', 'A versatile round-bottomed cooking vessel used for stir-frying', 'gears/41.jpg'),
('Grill Pan', 'A pan with raised ridges used for grilling indoors', 'gears/42.jpg'),
('Mortar and Pestle', 'A tool used to grind or crush ingredients', 'gears/43.jpg'),
('Basting Brush', 'A brush used for basting meat or vegetables with liquid', 'gears/44.jpg'),
('Cookie Cutter', 'A tool used to cut shapes out of cookie dough', 'gears/45.jpg'),
('Ice Cream Scoop', 'A utensil used to portion out servings of ice cream', 'gears/46.jpg'),
('Egg Separator', 'A tool used to separate egg whites from yolks', 'gears/47.jpg'),
('Kitchen Flamethrower', 'A handheld device used for caramelizing sugar or browning food', 'gears/48.jpg'),
('Sushi Mat', 'A bamboo mat used to roll sushi', 'gears/49.jpg'),
('Pasta Maker', 'A machine used to roll and cut pasta dough', 'gears/50.jpg'),
('Bread Knife', 'A long serrated knife used for slicing bread', 'gears/51.jpg'),
('Strawberry Huller', 'A tool used to remove the stem and leaves from strawberries', 'gears/52.jpg'),
('Apple Corer', 'A tool used to remove the core and seeds from apples', 'gears/53.jpg'),
('Ladle', 'A large spoon with a long handle used for serving liquids', 'gears/54.jpg'),
('Salad Spinner', 'A kitchen tool used to wash and dry salad greens', 'gears/55.jpg'),
('Jar Opener', 'A device used to open jars with tight lids', 'gears/56.jpg'),
('Meat Thermometer', 'A tool used to measure the internal temperature of meat', 'gears/57.jpg'),
('Digital Timer', 'An electronic device used to measure time intervals', 'gears/58.jpg'),
('Kitchen Scale', 'A device used to measure the weight of ingredients', 'gears/59.jpg'),
('Basting Syringe', 'A tool used to inject marinades or sauces into meat', 'gears/60.jpg'),
('Food Chopper', 'A handheld device used to chop food quickly', 'gears/61.jpg'),
('Candy Thermometer', 'A thermometer used to measure the temperature of sugar syrups', 'gears/62.jpg'),
('Digital Thermometer', 'An electronic thermometer used to measure the temperature of food', 'gears/63.jpg'),
('Rolling Cookie Cutter', 'A rolling pin with built-in cookie cutters for making shaped cookies', 'gears/64.jpg'),
('Piping Bag', 'A bag used to pipe frosting or batter onto cakes and pastries', 'gears/65.jpg'),
('Cake Decorating Tips', 'Various tips used with piping bags for decorating cakes and cupcakes', 'gears/66.jpg'),
('Mandoline Slicer', 'A tool used to slice fruits and vegetables with precision', 'gears/67.jpg'),
('Kitchen Timer', 'A device used to measure cooking time intervals', 'gears/68.jpg'),
('Pastry Blender', 'A tool used to blend butter into flour for making pastry dough', 'gears/69.jpg'),
('Instant-Read Thermometer', 'A thermometer used to quickly measure the internal temperature of food', 'gears/70.jpg'),
('Box Grater', 'A grater with multiple surfaces for shredding and grating food', 'gears/71.jpg'),
('Oven Thermometer', 'A thermometer used to monitor the temperature inside an oven', 'gears/72.jpg'),
('Kitchen Scissors', 'Scissors designed specifically for use in the kitchen', 'gears/73.jpg'),
('Dough Scraper', 'A tool used to scrape dough from surfaces and divide it into portions', 'gears/74.jpg'),
('Cooking Twine', 'Twine used for trussing poultry or securing food during cooking', 'gears/75.jpg'),
('Steamer Basket', 'A basket used to steam vegetables or other foods', 'gears/76.jpg'),
('Silicone Spatula', 'A spatula made of silicone material resistant to high heat', 'gears/77.jpg'),
('Electric Mixer', 'A handheld or stand mixer used for mixing ingredients', 'gears/78.jpg'),
('Box Cutter', 'A small knife with a retractable blade used for opening packaging', 'gears/79.jpg'),
('Potato Ricer', 'A tool used to mash cooked potatoes into a fine texture', 'gears/80.jpg'),
('Egg Slicer', 'A tool used to slice hard-boiled eggs evenly', 'gears/81.jpg'),
('Kitchen Torch', 'A handheld device used to apply direct heat for caramelizing or browning', 'gears/82.jpg'),
('Citrus Juicer', 'A tool used to extract juice from citrus fruits', 'gears/83.jpg'),
('Zester', 'A tool used to grate the outer peel of citrus fruits', 'gears/84.jpg'),
('Microplane Grater', 'A small grater used to finely grate hard cheeses spices and citrus zest', 'gears/85.jpg'),
('Pasta Fork', 'A fork with long sturdy tines used for serving pasta', 'gears/86.jpg'),
('Meat Tenderizer', 'A tool used to soften and flatten cuts of meat', 'gears/87.jpg'),
('Nutcracker Pistol', 'A tool used to crack open nuts', 'gears/88.jpg'),
('Cake Leveler', 'A tool used to level the tops of cakes for even stacking', 'gears/89.jpg'),
('Baguette Pan', 'A pan with long narrow indentations used for baking baguettes', 'gears/90.jpg'),
('Juicer', 'A device used to extract juice from fruits and vegetables', 'gears/91.jpg'),
('Egg Poacher', 'A pan or device used to poach eggs', 'gears/92.jpg'),
('Turkey Baster', 'A tool used to suction juices from meat for basting', 'gears/93.jpg'),
('Rice Paddle', 'A flat wide utensil used for stirring and serving rice', 'gears/94.jpg'),
('Nutcracker', 'A tool used to crack open nuts', 'gears/95.jpg'),
('Avocado Slicer', 'A tool used to slice pit and scoop out avocado', 'gears/96.jpg'),
('Corkscrew', 'A tool used to remove corks from bottles', 'gears/97.jpg'),
('Lemon Squeezer', 'A tool used to extract juice from lemons', 'gears/98.jpg'),
('Jar Gripper', 'A rubberized grip used to open jars with tight lids', 'gears/99.jpg'),
('Vegetable Peeler', 'A tool used to remove the outer skin of fruits and vegetables', 'gears/100.jpg'),
('Egg Timer', 'A timer used specifically for timing the boiling of eggs', 'gears/101.jpg'),
('Salad Chopper', 'A tool used to chop salad ingredients quickly and evenly', 'gears/102.jpg'),
('Pancake Dispenser', 'A container with a spout used to dispense pancake batter evenly', 'gears/103.jpg'),
('Corn Stripper', 'A tool used to remove kernels from corn cobs', 'gears/104.jpg'),
('Onion Goggles', 'Goggles worn to protect the eyes from onion fumes while cutting', 'gears/105.jpg'),
('Olive Pitter', 'A tool used to remove pits from olives', 'gears/106.jpg'),
('Ravioli Cutter', 'A tool used to cut and seal ravioli or other filled pasta', 'gears/107.jpg'),
('Pineapple Corer', 'A tool used to remove the core and skin from pineapples', 'gears/108.jpg'),
('Pickle Picker', 'A tool used to retrieve pickles or olives from jars', 'gears/109.jpg'),
('Butter Curler', 'A tool used to create decorative curls of butter', 'gears/110.jpg'),
('Sauce Whisk', 'A whisk with a flat wide head used for making sauces', 'gears/111.jpg'),
('Fondue Set', 'A set used for serving fondue consisting of a pot and skewers', 'gears/112.jpg'),
('Tortilla Press', 'A tool used to flatten dough balls into tortillas', 'gears/113.jpg'),
('Pasta Drying Rack', 'A rack used to hang and dry freshly made pasta', 'gears/114.jpg'),
('Wine Aerator', 'A device used to expose wine to air to enhance its flavor', 'gears/115.jpg'),
('Bag Clip', 'A clip used to seal bags and keep food fresh', 'gears/116.jpg'),
('Cupcake Liners', 'Paper or foil liners used to line cupcake or muffin pans', 'gears/117.jpg'),
('Oil Mister', 'A device used to spray oil onto cooking surfaces or food', 'gears/118.jpg'),
('Tea Infuser', 'A small device used to steep loose tea leaves in hot water', 'gears/119.jpg'),
('Avocado Saver', 'A tool used to preserve half of an avocado', 'gears/120.jpg'),
('Cookie Press', 'A device used to extrude cookie dough in decorative shapes', 'gears/121.jpg');


INSERT INTO demands (recipe_name, gear_name) VALUES
('Adobo', 'Immersion Blender'),
('Apple Pie', 'Kitchen Timer'),
('Baklava', 'Strawberry Huller'),
('Basturma', 'Cake Decorating Tips'),
('BBQ Ribs', 'Mortar and Pestle'),
('Beef Stroganoff', 'Stand Mixer'),
('Belgian Waffles', 'Basting Brush'),
('Bibimbap', 'Digital Timer'),
('Biryani', 'Digital Scale'),
('Bissara', 'Salad Spinner'),
('Blini', 'Ladle'),
('Boeuf Bourguignon', 'Pancake Dispenser'),
('Borscht', 'Rice Paddle'),
('Bulgogi', 'Sushi Mat'),
('Butter Chicken', 'Pastry Blender'),
('Chicken Curry', 'Box Grater'),
('Chicken Karahi', 'Olive Pitter'),
('Chicken Paprikash', 'Tea Infuser'),
('Chiles en Nogada', 'Vegetable Peeler'),
('Chimichurri', 'Pickle Picker'),
('Chocolate Cake', 'Pressure Cooker'),
('Couscous', 'Steamer Basket'),
('Croissants', 'Rolling Pin'),
('Dolma', 'Potato Masher'),
('Empanadas', 'Sauce Whisk'),
('Enchiladas', 'Saucepan'),
('Falafel', 'Wine Aerator'),
('Fattoush', 'Zester'),
('Fish and Chips', 'Grill Pan'),
('Fisherman\'s Soup', 'Strainer'),
('Flan', 'Salad Chopper'),
('Ful Medames', 'Jar Opener'),
('Gado-Gado', 'Casserole Dish'),
('Gazpacho', 'Cookie Press'),
('Goulash', 'Vegetable Steamer'),
('Guacamole', 'Colander'),
('Gyros', 'Pasta Maker'),
('Harira', 'Pastry Brush'),
('Harissa', 'Measuring Cups'),
('Hot and Sour Soup', 'Candy Thermometer'),
('Hummus', 'Tea Kettle'),
('Japchae', 'Oil Mister'),
('Kare-Kare', 'Baking Sheet'),
('Keema', 'Nutcracker'),
('Kimchi', 'Cookie Cutter'),
('Knafeh', 'Jar Gripper'),
('Koshari', 'Potato Ricer'),
('Kung Pao Chicken', 'Vegetable Steamer'),
('Lasagna', 'Kitchen Shears'),
('Lavash', 'Kitchen Timer'),
('Lechon', 'Lemon Squeezer'),
('Lecsó', 'Pizza Cutter'),
('Mahshi', 'Piping Bag'),
('Maqluba', 'Bread Knife'),
('Milanesa', 'Muffin Pan'),
('Molokhia', 'Rice Cooker'),
('Moules Frites', 'Wok'),
('Moussaka', 'Box Cutter'),
('Nasi Goreng', 'Egg Separator'),
('Okonomiyaki', 'Oven Mitts'),
('Paella', 'Tongs'),
('Pancit', 'Grater'),
('Pastitsio', 'Kitchen Torch'),
('Peking Duck', 'Muffin Pan'),
('Pelmeni', 'Nutcracker Pistol'),
('Provoleta', 'Pineapple Corer'),
('Pumpkin Pie', 'Basting Syringe'),
('Quiche', 'Measuring Spoons'),
('Ramen', 'Egg Poacher'),
('Rasam', 'Box Grater'),
('Ratatouille', 'Colander'),
('Rendang', 'Corkscrew'),
('Risotto', 'Baking Sheet'),
('Rogan Josh', 'Oven Mitts'),
('Satay', 'Immersion Blender'),
('Shakshuka', 'Cake Decorating Tips'),
('Shepherd\'s Pie', 'Rolling Pin'),
('Spaghetti Carbonara', 'Basting Brush'),
('Spanakopita', 'Spatula'),
('Stoofvlees', 'Zester'),
('Sushi', 'Stand Mixer'),
('Sweet and Sour Pork', 'Whisk'),
('Tabbouleh', 'Pasta Drying Rack'),
('Tacos', 'Measuring Cups'),
('Tagine', 'Rice Cooker'),
('Tandoori Chicken', 'Mandoline Slicer'),
('Tempura', 'Digital Scale'),
('Tiramisu', 'Piping Bag'),
('Tortilla Española', 'Casserole Dish'),
('Trifle', 'Lemon Squeezer'),
('Waterzooi', 'Bread Knife'),
('Yorkshire Pudding', 'Pancake Dispenser');


INSERT INTO theme_category (theme_name, theme_desc, theme_pic) VALUES
('Christmas Dinner', 'A festive theme featuring traditional Christmas dishes and decorations.', 'theme_category/1.jpg'),
('Wedding Dinner', 'A theme centered around the celebration of weddings, with elegant and elaborate cuisine.', 'theme_category/2.jpg'),
('Countryside Dishes', 'A theme showcasing rustic and hearty dishes typically found in the countryside.', 'theme_category/3.jpg'),
('Beach Party', 'A theme inspired by the beach and summer vibes, featuring seafood and tropical flavors.', 'theme_category/4.jpg'),
('Italian Feast', 'A theme celebrating Italian cuisine, including pasta, pizza, and delicious desserts.', 'theme_category/5.jpg'),
('Mexican Fiesta', 'A lively theme featuring vibrant Mexican dishes such as tacos, enchiladas, and margaritas.', 'theme_category/6.jpg'),
('Asian Fusion', 'A theme blending flavors from various Asian cuisines, including Chinese, Japanese, and Thai.', 'theme_category/7.jpg'),
('Mediterranean Delights', 'A theme highlighting the fresh and healthy cuisine of the Mediterranean region.', 'theme_category/8.jpg'),
('BBQ Bash', 'A theme centered around barbecue cooking, with grilled meats, sauces, and sides.', 'theme_category/9.jpg'),
('Garden Party', 'A theme set in a garden or outdoor setting, featuring light and fresh dishes.', 'theme_category/10.jpg'),
('Movie Night Munchies', 'A theme inspired by movie snacks and comfort food, perfect for a cozy night in.', 'theme_category/11.jpg'),
('Farmers Market Finds', 'A theme showcasing seasonal and locally sourced ingredients from the farmers market.', 'theme_category/12.jpg'),
('Game Day Grub', 'A theme featuring hearty and indulgent dishes perfect for watching sports games with friends.', 'theme_category/13.jpg'),
('Around the World Buffet', 'A theme offering a diverse selection of dishes from different countries and cultures.', 'theme_category/14.jpg'),
('Hawaiian Luau', 'A theme inspired by Hawaiian traditions, featuring tropical fruits, seafood, and poi.', 'theme_category/15.jpg'),
('Picnic Paradise', 'A theme perfect for outdoor picnics, with easy-to-eat finger foods and refreshing drinks.', 'theme_category/16.jpg'),
('Comfort Food Classics', 'A theme celebrating nostalgic and comforting dishes that warm the soul.', 'theme_category/17.jpg'),
('Vegetarian Delights', 'A theme focused on delicious vegetarian and plant-based dishes.', 'theme_category/18.jpg'),
('Spooky Halloween Feast', 'A theme perfect for Halloween parties, with eerie and creative dishes.', 'theme_category/19.jpg'),
('Springtime Brunch', 'A theme celebrating the arrival of spring with light and colorful brunch dishes.', 'theme_category/20.jpg'),
('Summer BBQ', 'A theme perfect for summertime gatherings, featuring grilled meats, salads, and fruity drinks.', 'theme_category/21.jpg');


INSERT INTO belongs_to (recipe_name, theme_name) VALUES
('Adobo', 'Around the World Buffet'),
('Apple Pie', 'Asian Fusion'),
('Baklava', 'BBQ Bash'),
('Basturma', 'Beach Party'),
('BBQ Ribs', 'Christmas Dinner'),
('Beef Stroganoff', 'Comfort Food Classics'),
('Belgian Waffles', 'Countryside Dishes'),
('Bibimbap', 'Farmers Market Finds'),
('Biryani', 'Game Day Grub'),
('Bissara', 'Garden Party'),
('Blini', 'Hawaiian Luau'),
('Boeuf Bourguignon', 'Italian Feast'),
('Borscht', 'Mediterranean Delights'),
('Bulgogi', 'Mexican Fiesta'),
('Butter Chicken', 'Movie Night Munchies'),
('Chicken Curry', 'Picnic Paradise'),
('Chicken Karahi', 'Spooky Halloween Feast'),
('Chicken Paprikash', 'Springtime Brunch'),
('Chiles en Nogada', 'Summer BBQ'),
('Chimichurri', 'Vegetarian Delights'),
('Chocolate Cake', 'Wedding Dinner'),
('Couscous', 'Around the World Buffet'),
('Croissants', 'Asian Fusion'),
('Dolma', 'BBQ Bash'),
('Empanadas', 'Beach Party'),
('Enchiladas', 'Christmas Dinner'),
('Falafel', 'Comfort Food Classics'),
('Fattoush', 'Countryside Dishes'),
('Fish and Chips', 'Farmers Market Finds'),
('Fisherman\'s Soup', 'Game Day Grub'),
('Flan', 'Garden Party'),
('Ful Medames', 'Hawaiian Luau'),
('Gado-Gado', 'Italian Feast'),
('Gazpacho', 'Mediterranean Delights'),
('Goulash', 'Mexican Fiesta'),
('Guacamole', 'Movie Night Munchies'),
('Gyros', 'Picnic Paradise'),
('Harira', 'Spooky Halloween Feast'),
('Harissa', 'Springtime Brunch'),
('Hot and Sour Soup', 'Summer BBQ'),
('Hummus', 'Vegetarian Delights'),
('Japchae', 'Wedding Dinner'),
('Kare-Kare', 'Around the World Buffet'),
('Keema', 'Asian Fusion'),
('Kimchi', 'BBQ Bash'),
('Knafeh', 'Beach Party'),
('Koshari', 'Christmas Dinner'),
('Kung Pao Chicken', 'Comfort Food Classics'),
('Lasagna', 'Countryside Dishes'),
('Lavash', 'Farmers Market Finds'),
('Lechon', 'Game Day Grub'),
('Lecsó', 'Garden Party'),
('Mahshi', 'Hawaiian Luau'),
('Maqluba', 'Italian Feast'),
('Milanesa', 'Mediterranean Delights'),
('Molokhia', 'Mexican Fiesta'),
('Moules Frites', 'Movie Night Munchies'),
('Moussaka', 'Picnic Paradise'),
('Nasi Goreng', 'Spooky Halloween Feast'),
('Okonomiyaki', 'Springtime Brunch'),
('Paella', 'Summer BBQ'),
('Pancit', 'Vegetarian Delights'),
('Pastitsio', 'Wedding Dinner'),
('Peking Duck', 'Around the World Buffet'),
('Pelmeni', 'Asian Fusion'),
('Provoleta', 'BBQ Bash'),
('Pumpkin Pie', 'Beach Party'),
('Quiche', 'Christmas Dinner'),
('Ramen', 'Comfort Food Classics'),
('Rasam', 'Countryside Dishes'),
('Ratatouille', 'Farmers Market Finds'),
('Rendang', 'Game Day Grub'),
('Risotto', 'Garden Party'),
('Rogan Josh', 'Hawaiian Luau'),
('Satay', 'Italian Feast'),
('Shakshuka', 'Mediterranean Delights'),
('Shepherd\'s Pie', 'Mexican Fiesta'),
('Spaghetti Carbonara', 'Movie Night Munchies'),
('Spanakopita', 'Picnic Paradise'),
('Stoofvlees', 'Spooky Halloween Feast'),
('Sushi', 'Springtime Brunch'),
('Sweet and Sour Pork', 'Summer BBQ'),
('Tabbouleh', 'Vegetarian Delights'),
('Tacos', 'Wedding Dinner'),
('Tagine', 'Around the World Buffet'),
('Tandoori Chicken', 'Asian Fusion'),
('Tempura', 'BBQ Bash'),
('Tiramisu', 'Beach Party'),
('Tortilla Española', 'Christmas Dinner'),
('Trifle', 'Comfort Food Classics'),
('Waterzooi', 'Countryside Dishes'),
('Yorkshire Pudding', 'Farmers Market Finds');


INSERT INTO ingredients (ing_name, fats, carbs, protein, ing_pic) VALUES
('Flour', 3, 22, 4, 'ingredients/1.jpg'),
('Sugar', 0, 100, 0, 'ingredients/2.jpg'),
('Salt', 0, 0, 0, 'ingredients/3.jpg'),
('Butter', 81, 0, 1, 'ingredients/4.jpg'),
('Eggs', 5, 1, 6, 'ingredients/5.jpg'),
('Milk', 8, 12, 8, 'ingredients/6.jpg'),
('Yeast', 0, 0, 0, 'ingredients/7.jpg'),
('Olive Oil', 14, 0, 0, 'ingredients/8.jpg'),
('Garlic mush', 0, 1, 0, 'ingredients/9.jpg'),
('Onion', 0, 9, 1, 'ingredients/10.jpg'),
('Baby Tomatoes', 0, 4, 1, 'ingredients/11.jpg'),
('Basil', 1, 3, 3, 'ingredients/12.jpg'),
('Parsley', 0, 1, 1, 'ingredients/13.jpg'),
('Thyme', 1, 2, 3, 'ingredients/14.jpg'),
('Rosemary', 1, 2, 3, 'ingredients/15.jpg'),
('Oregano', 1, 3, 2, 'ingredients/16.jpg'),
('Cilantre', 0, 1, 1, 'ingredients/17.jpg'),
('Cinnamon', 1, 3, 1, 'ingredients/18.jpg'),
('Nutmeg', 8, 28, 6, 'ingredients/19.jpg'),
('Vanilla Extract', 0, 4, 0, 'ingredients/20.jpg'),
('Honey', 0, 82, 0, 'ingredients/21.jpg'),
('Lemon', 0, 3, 1, 'ingredients/22.jpg'),
('Lime', 0, 5, 1, 'ingredients/23.jpg'),
('Orange', 0, 9, 1, 'ingredients/24.jpg'),
('Chicken Breast', 3, 0, 31, 'ingredients/25.jpg'),
('Chicken Thighs', 10, 0, 26, 'ingredients/26.jpg'),
('Beef', 15, 0, 36, 'ingredients/27.jpg'),
('Pork', 13, 0, 36, 'ingredients/28.jpg'),
('Lamb', 28, 0, 26, 'ingredients/29.jpg'),
('Salmon', 13, 0, 20, 'ingredients/30.jpg'),
('Tuna', 1, 0, 30, 'ingredients/31.jpg'),
('Shrimp', 1, 0, 24, 'ingredients/32.jpg'),
('Cod', 1, 0, 19, 'ingredients/33.jpg'),
('Halibut', 2, 0, 23, 'ingredients/34.jpg'),
('Trout', 6, 0, 21, 'ingredients/35.jpg'),
('Rice', 0, 28, 3, 'ingredients/36.jpg'),
('Pasta', 1, 25, 5, 'ingredients/37.jpg'),
('Quinoa', 6, 21, 4, 'ingredients/38.jpg'),
('Couscous', 0, 24, 3, 'ingredients/39.jpg'),
('Bread', 2, 48, 9, 'ingredients/40.jpg'),
('Baby Potatoes', 0, 17, 2, 'ingredients/41.jpg'),
('Sweet Barbados', 0, 20, 2, 'ingredients/42.jpg'),
('Beans', 0, 15, 9, 'ingredients/43.jpg'),
('Lentils', 1, 20, 9, 'ingredients/44.jpg'),
('Chickpeas', 6, 27, 9, 'ingredients/45.jpg'),
('Black Beans', 0, 20, 8, 'ingredients/46.jpg'),
('Kidney Beans', 0, 22, 9, 'ingredients/47.jpg'),
('Corn', 1, 19, 3, 'ingredients/48.jpg'),
('Peas kai ai gamis', 0, 14, 5, 'ingredients/49.jpg'),
('Brococoli', 0, 7, 3, 'ingredients/50.jpg'),
('Spinuche', 1, 3, 3, 'ingredients/51.jpg'),
('Kalele', 1, 7, 3, 'ingredients/52.jpg'),
('Baby Carrots', 0, 10, 1, 'ingredients/53.jpg'),
('Bed Bell Peppers', 0, 6, 1, 'ingredients/54.jpg'),
('Zucchini', 0, 3, 1, 'ingredients/55.jpg'),
('Zourlomanites', 0, 3, 3, 'ingredients/56.jpg'),
('Milkplant', 0, 6, 1, 'ingredients/57.jpg'),
('Cababage', 0, 6, 1, 'ingredients/58.jpg'),
('Dried Celery', 0, 3, 1, 'ingredients/59.jpg'),
('Cucumber', 0, 4, 1, 'ingredients/60.jpg'),
('Avocado', 15, 9, 2, 'ingredients/61.jpg'),
('Bananas', 0, 27, 1, 'ingredients/62.jpg'),
('Apples', 0, 14, 0, 'ingredients/63.jpg'),
('Berries', 0, 14, 1, 'ingredients/64.jpg'),
('Oranges', 0, 12, 1, 'ingredients/65.jpg'),
('Grapes', 0, 18, 1, 'ingredients/66.jpg'),
('Pineapple', 18, 22, 1, 'ingredients/67.jpg'),
('Strawberries', 0, 8, 1, 'ingredients/68.jpg'),
('Bluebarries', 0, 14, 1, 'ingredients/69.jpg'),
('Raspberries', 0, 12, 1, 'ingredients/70.jpg'),
('Cranberries', 0, 12, 0, 'ingredients/71.jpg'),
('Cherries', 0, 19, 1, 'ingredients/72.jpg'),
('Kiwi', 1, 15, 1, 'ingredients/73.jpg'),
('Mango', 0, 15, 1, 'ingredients/74.jpg'),
('Peaches', 0, 10, 1, 'ingredients/75.jpg'),
('Pears', 0, 15, 1, 'ingredients/76.jpg'),
('Plums', 0, 11, 1, 'ingredients/77.jpg'),
('Pomegranate', 1, 18, 1, 'ingredients/78.jpg'),
('Watermelon', 0, 8, 1, 'ingredients/79.jpg'),
('Cantaloupe', 0, 8, 1, 'ingredients/80.jpg'),
('Honeydew', 0, 9, 1, 'ingredients/81.jpg'),
('Apricots', 0, 10, 1, 'ingredients/82.jpg'),
('Nectarines', 0, 12, 1, 'ingredients/83.jpg'),
('Lettuce', 0, 2, 1, 'ingredients/84.jpg'),
('Arugula', 0, 4, 2, 'ingredients/85.jpg'),
('Cucumbers', 0, 4, 1, 'ingredients/86.jpg'),
('Tomatoes', 0, 4, 1, 'ingredients/87.jpg'),
('Bell Peppers', 0, 6, 1, 'ingredients/88.jpg'),
('Carrots', 0, 10, 1, 'ingredients/89.jpg'),
('Celery', 0, 3, 1, 'ingredients/90.jpg'),
('Radishes', 0, 2, 1, 'ingredients/91.jpg'),
('Cabbage', 0, 6, 1, 'ingredients/92.jpg'),
('Spinach', 1, 3, 3, 'ingredients/93.jpg'),
('Kale', 1, 7, 3, 'ingredients/94.jpg'),
('Broccoli', 0, 7, 3, 'ingredients/95.jpg'),
('Cauliflower', 0, 5, 2, 'ingredients/96.jpg'),
('Brussels Sprouts', 0, 9, 3, 'ingredients/97.jpg'),
('Asparagus', 0, 4, 3, 'ingredients/98.jpg'),
('Green Beans', 0, 4, 1, 'ingredients/99.jpg'),
('Peas', 0, 14, 5, 'ingredients/100.jpg'),
('Corn Falaoure', 1, 19, 3, 'ingredients/101.jpg'),
('Artichokes', 0, 11, 3, 'ingredients/102.jpg'),
('Mushrooms', 0, 3, 3, 'ingredients/103.jpg'),
('Eggplant', 0, 6, 1, 'ingredients/104.jpg'),
('Zucchinini', 0, 3, 1, 'ingredients/105.jpg'),
('Squash', 0, 7, 1, 'ingredients/106.jpg'),
('Sweet Potatoes', 0, 20, 2, 'ingredients/107.jpg'),
('Potatoes', 0, 17, 2, 'ingredients/108.jpg'),
('Onions', 0, 9, 1, 'ingredients/109.jpg'),
('Garlic', 0, 1, 0, 'ingredients/110.jpg'),
('Ginger', 0, 18, 2, 'ingredients/111.jpg'),
('Scallions', 0, 5, 1, 'ingredients/112.jpg'),
('Shallots', 0, 7, 1, 'ingredients/113.jpg'),
('Dill', 0, 2, 1, 'ingredients/114.jpg'),
('Sage', 1, 1, 1, 'ingredients/115.jpg'),
('Mint', 0, 1, 1, 'ingredients/116.jpg'),
('Allspice', 3, 50, 6, 'ingredients/117.jpg'),
('Cloves', 0, 65, 6, 'ingredients/118.jpg'),
('Almond Extract', 55, 2, 1, 'ingredients/119.jpg'),
('Lemon Extract', 0, 5, 0, 'ingredients/120.jpg'),
('Orange Extract', 0, 1, 0, 'ingredients/121.jpg'),
('Maple Syrup', 0, 68, 0, 'ingredients/122.jpg'),
('Molasses', 0, 75, 0, 'ingredients/123.jpg'),
('Corn Syrup', 0, 82, 0, 'ingredients/124.jpg'),
('Coconut Milk', 34, 7, 3, 'ingredients/125.jpg'),
('Almond Milk', 27, 2, 1, 'ingredients/126.jpg'),
('Soy Milk', 24, 4, 3, 'ingredients/127.jpg'),
('Cashew Milk', 43, 4, 1, 'ingredients/128.jpg'),
('Oat Milk', 45, 16, 3, 'ingredients/129.jpg'),
('Rice Milk', 8, 23, 1, 'ingredients/130.jpg'),
('Barley', 2, 44, 10, 'ingredients/131.jpg'),
('Millet', 3, 73, 11, 'ingredients/132.jpg'),
('Buckwheat', 1, 71, 13, 'ingredients/133.jpg'),
('Noodles', 1, 25, 5, 'ingredients/134.jpg'),
('Tortillas', 3, 46, 10, 'ingredients/135.jpg'),
('Rolls', 3, 49, 9, 'ingredients/136.jpg'),
('Bagels', 1, 53, 11, 'ingredients/137.jpg'),
('Pita', 1, 46, 10, 'ingredients/138.jpg'),
('Donuts', 17, 48, 5, 'ingredients/139.jpg'),
('Scones', 22, 47, 6, 'ingredients/140.jpg'),
('Muffins', 19, 46, 6, 'ingredients/141.jpg'),
('Waffles', 22, 46, 7, 'ingredients/142.jpg'),
('Pancakes', 15, 40, 7, 'ingredients/143.jpg'),
('Solomon', 21, 38, 7, 'ingredients/144.jpg'),
('Crepe', 3, 46, 7, 'ingredients/145.jpg'),
('Biscuits', 21, 46, 6, 'ingredients/146.jpg'),
('Cakes', 22, 44, 5, 'ingredients/147.jpg'),
('Pies', 19, 41, 5, 'ingredients/148.jpg');

INSERT INTO contain (recipe_name, ing_name, quantity) VALUES 
    ('Adobo', 'Garlic', 4),
    ('Adobo', 'Almond Milk', 3),
    ('Adobo', 'Bell Peppers', 1),
    ('Apple Pie', 'Apples', 3),
    ('Baklava', 'Honey', 2),
    ('Baklava', 'Pita', 6),
    ('Baklava', 'Milk', 8),
    ('Baklava', 'Lime', 9),
    ('Basturma', 'Beef', 5),
    ('BBQ Ribs', 'Pork', 6),
    ('Beef Stroganoff', 'Beef', 7),
    ('Beef Stroganoff', 'Olive Oil', 50),
    ('Beef Stroganoff', 'Noodles', 50),
    ('Beef Stroganoff', 'Garlic', 23),
    ('Beef Stroganoff', 'Eggplant', 2),
    ('Belgian Waffles', 'Waffles', 8),
    ('Bibimbap', 'Rice', 9),
    ('Bibimbap', 'Cloves', 34),
    ('Bibimbap', 'Cinnamon', 76),
    ('Biryani', 'Rice', 10),
    ('Bissara', 'Lentils', 2),
    ('Bissara', 'Garlic', 2),
    ('Bissara', 'Cilantre', 2),
    ('Bissara', 'Cod', 2),
    ('Bissara', 'Corn', 2),
    ('Blini', 'Flour', 4),
    ('Boeuf Bourguignon', 'Beef', 3),
    ('Borscht', 'Cabbage', 5),
    ('Bulgogi', 'Beef', 6),
    ('Butter Chicken', 'Chicken Breast', 7),
    ('Chicken Curry', 'Chicken Thighs', 8),
    ('Chicken Curry', 'Coconut Milk', 8),
    ('Chicken Curry', 'Couscous', 8),
    ('Chicken Curry', 'Lettuce', 8),
    ('Chicken Curry', 'Onion', 8),
    ('Chicken Curry', 'Rice', 8),
    ('Chicken Karahi', 'Chicken Breast', 9),
    ('Chicken Paprikash', 'Chicken Thighs', 10),
    ('Chiles en Nogada', 'Bell Peppers', 3),
    ('Chimichurri', 'Garlic', 4),
    ('Chocolate Cake', 'Butter', 2),
    ('Couscous', 'Couscous', 5),
    ('Croissants', 'Butter', 6),
    ('Dolma', 'Grapes', 7),
    ('Empanadas', 'Beef', 8),
    ('Enchiladas', 'Tortillas', 9),
    ('Falafel', 'Chickpeas', 10),
    ('Fattoush', 'Lettuce', 2),
    ('Fish and Chips', 'Cod', 4),
    ('Fisherman\'s Soup', 'Halibut', 3),
    ('Flan', 'Milk', 5),
    ('Ful Medames', 'Beans', 6),
    ('Gado-Gado', 'Cabbage', 7),
    ('Gazpacho', 'Tomatoes', 8),
    ('Goulash', 'Beef', 9),
    ('Guacamole', 'Avocado', 10),
    ('Gyros', 'Lamb', 2),
    ('Harira', 'Lentils', 4),
    ('Harissa', 'Bell Peppers', 3),
    ('Hot and Sour Soup', 'Chicken Breast', 5),
    ('Hummus', 'Chickpeas', 6),
    ('Japchae', 'Noodles', 7),
    ('Kare-Kare', 'Corn Syrup', 8),
    ('Keema', 'Lamb', 9),
    ('Kimchi', 'Cabbage', 10),
    ('Knafeh', 'Butter', 2),
    ('Koshari', 'Rice', 4),
    ('Kung Pao Chicken', 'Chicken Breast', 3),
    ('Lasagna', 'Pasta', 5),
    ('Lavash', 'Flour', 6),
    ('Lechon', 'Pork', 7),
    ('Lecsó', 'Bell Peppers', 8),
    ('Mahshi', 'Zucchini', 9),
    ('Maqluba', 'Rice', 10),
    ('Milanesa', 'Beef', 2),
    ('Molokhia', 'Beans', 4),
    ('Moules Frites', 'Butter', 3),
    ('Moussaka', 'Eggplant', 5),
    ('Nasi Goreng', 'Rice', 6),
    ('Okonomiyaki', 'Cabbage', 7),
    ('Paella', 'Rice', 8),
    ('Pancit', 'Noodles', 9),
    ('Pastitsio', 'Pasta', 10),
    ('Peking Duck', 'Garlic', 2),
    ('Pelmeni', 'Beef', 4),
    ('Provoleta', 'Butter', 3),
    ('Pumpkin Pie', 'Butter', 5),
    ('Quiche', 'Eggs', 6),
    ('Ramen', 'Noodles', 7),
    ('Rasam', 'Cabbage', 8),
    ('Ratatouille', 'Eggplant', 9),
    ('Rendang', 'Beef', 10),
    ('Risotto', 'Rice', 2),
    ('Rogan Josh', 'Lamb', 4),
    ('Satay', 'Chicken Breast', 3),
    ('Shakshuka', 'Tomatoes', 5),
    ('Shepherd\'s Pie', 'Beef', 6),
    ('Spaghetti Carbonara', 'Pasta', 7),
    ('Spanakopita', 'Spinach', 8),
    ('Stoofvlees', 'Beef', 9),
    ('Sushi', 'Rice', 10),
    ('Sweet and Sour Pork', 'Pork', 2),
    ('Tabbouleh', 'Parsley', 4),
    ('Tacos', 'Beef', 3),
    ('Tagine', 'Lamb', 5),
    ('Tandoori Chicken', 'Chicken Breast', 6),
    ('Tempura', 'Shrimp', 7),
    ('Tiramisu', 'Butter', 8),
    ('Tortilla Española', 'Potatoes', 9),
    ('Trifle', 'Bluebarries', 10),
    ('Waterzooi', 'Chicken Breast', 2),
    ('Yorkshire Pudding', 'Flour', 4);
    
INSERT INTO food_group (group_name, group_desc, group_pic) VALUES
('Coffee, Tea and more', 'A variety of beverages including coffee, tea, and other hot drinks.', 'food_group/1.jpg'),
('Canned Foods', 'Foods preserved in cans, providing convenience and long shelf life.', 'food_group/2.jpg'),
('Sweetening Agents', 'Various substances used to sweeten foods and beverages, such as sugar and honey.', 'food_group/3.jpg'),
('Fats and Oils', 'Oils and fats used in cooking and baking, including butter, margarine, and vegetable oils.', 'food_group/4.jpg'),
('Eggs and Diary Products', 'Products derived from milk and eggs, including cheese, yogurt, and cream.', 'food_group/5.jpg'),
('Red Meat', 'Meat from mammals, such as beef, lamb, and pork.', 'food_group/6.jpg'),
('White Meat', 'Meat from poultry, such as chicken and turkey.', 'food_group/7.jpg'),
('Fish', 'Edible fish from fresh and saltwater sources.', 'food_group/8.jpg'),
('Sea Food', 'Edible marine creatures, including shellfish, crustaceans, and mollusks.', 'food_group/9.jpg'),
('Cereals and Potatoes', 'Starchy foods including cereals, grains, and potatoes.', 'food_group/10.jpg'),
('Vegetables', 'Various edible plants and their parts, including roots, stems, leaves, and flowers.', 'food_group/11.jpg'),
('Alcoholic products', 'Beverages containing alcohol, such as wine, beer, and spirits.', 'food_group/12.jpg'),
('Fruits', 'Edible fruits from trees and plants, consumed fresh, dried, or processed.', 'food_group/13.jpg'),
('Legumes', 'Edible seeds from leguminous plants, such as beans, lentils, and peas.', 'food_group/14.jpg'),
('Nuts', 'Edible seeds encased in hard shells, including almonds, walnuts, and peanuts.', 'food_group/15.jpg'),
('Misc', 'Miscellaneous food items that do not fit into other categories.', 'food_group/16.jpg');

INSERT INTO has_group (group_name, ing_name) VALUES
('Misc', 'Allspice'),
('Nuts', 'Almond Extract'),
('Nuts', 'Almond Milk'),
('Fruits', 'Apples'),
('Fruits', 'Apricots'),
('Vegetables', 'Artichokes'),
('Vegetables', 'Arugula'),
('Vegetables', 'Asparagus'),
('Fruits', 'Avocado'),
('Vegetables', 'Baby Carrots'),
('Cereals and Potatoes', 'Baby Potatoes'),
('Vegetables', 'Baby Tomatoes'),
('Cereals and Potatoes', 'Bagels'),
('Fruits', 'Bananas'),
('Cereals and Potatoes', 'Barley'),
('Vegetables', 'Basil'),
('Legumes', 'Beans'),
('Vegetables', 'Bed Bell Peppers'),
('Red Meat', 'Beef'),
('Vegetables', 'Bell Peppers'),
('Fruits', 'Berries'),
('Misc', 'Biscuits'),
('Legumes', 'Black Beans'),
('Fruits', 'Bluebarries'),
('Cereals and Potatoes', 'Bread'),
('Vegetables', 'Broccoli'),
('Vegetables', 'Brococoli'),
('Vegetables', 'Brussels Sprouts'),
('Cereals and Potatoes', 'Buckwheat'),
('Fats and Oils', 'Butter'),
('Vegetables', 'Cababage'),
('Vegetables', 'Cabbage'),
('Misc', 'Cakes'),
('Fruits', 'Cantaloupe'),
('Vegetables', 'Carrots'),
('Nuts', 'Cashew Milk'),
('Vegetables', 'Cauliflower'),
('Vegetables', 'Celery'),
('Fruits', 'Cherries'),
('White Meat', 'Chicken Breast'),
('White Meat', 'Chicken Thighs'),
('Legumes', 'Chickpeas'),
('Vegetables', 'Cilantre'),
('Misc', 'Cinnamon'),
('Misc', 'Cloves'),
('Fats and Oils', 'Coconut Milk'),
('Fish', 'Cod'),
('Vegetables', 'Corn'),
('Misc', 'Corn Falaoure'),
('Sweetening Agents', 'Corn Syrup'),
('Cereals and Potatoes', 'Couscous'),
('Fruits', 'Cranberries'),
('Misc', 'Crepe'),
('Vegetables', 'Cucumber'),
('Vegetables', 'Cucumbers'),
('Misc', 'Dill'),
('Misc', 'Donuts'),
('Vegetables', 'Dried Celery'),
('Vegetables', 'Eggplant'),
('Eggs and Diary Products', 'Eggs'),
('Misc', 'Flour'),
('Misc', 'Garlic'),
('Misc', 'Garlic mush'),
('Misc', 'Ginger'),
('Fruits', 'Grapes'),
('Vegetables', 'Green Beans'),
('Fish', 'Halibut'),
('Sweetening Agents', 'Honey'),
('Fruits', 'Honeydew'),
('Vegetables', 'Kale'),
('Vegetables', 'Kalele'),
('Legumes', 'Kidney Beans'),
('Fruits', 'Kiwi'),
('Red Meat', 'Lamb'),
('Fruits', 'Lemon'),
('Misc', 'Lemon Extract'),
('Legumes', 'Lentils'),
('Vegetables', 'Lettuce'),
('Fruits', 'Lime'),
('Fruits', 'Mango'),
('Sweetening Agents', 'Maple Syrup'),
('Eggs and Diary Products', 'Milk'),
('Vegetables', 'Milkplant'),
('Cereals and Potatoes', 'Millet'),
('Misc', 'Mint'),
('Sweetening Agents', 'Molasses'),
('Misc', 'Muffins'),
('Vegetables', 'Mushrooms'),
('Fruits', 'Nectarines'),
('Cereals and Potatoes', 'Noodles'),
('Misc', 'Nutmeg'),
('Eggs and Diary Products', 'Oat Milk'),
('Fats and Oils', 'Olive Oil'),
('Vegetables', 'Onion'),
('Vegetables', 'Onions'),
('Fruits', 'Orange'),
('Sweetening Agents', 'Orange Extract'),
('Fruits', 'Oranges'),
('Misc', 'Oregano'),
('Misc', 'Pancakes'),
('Misc', 'Parsley'),
('Cereals and Potatoes', 'Pasta'),
('Fruits', 'Peaches'),
('Fruits', 'Pears'),
('Vegetables', 'Peas'),
('Misc', 'Peas kai ai gamis'),
('Misc', 'Pies'),
('Fruits', 'Pineapple'),
('Cereals and Potatoes', 'Pita'),
('Fruits', 'Plums'),
('Fruits', 'Pomegranate'),
('Red Meat', 'Pork'),
('Cereals and Potatoes', 'Potatoes'),
('Cereals and Potatoes', 'Quinoa'),
('Vegetables', 'Radishes'),
('Fruits', 'Raspberries'),
('Cereals and Potatoes', 'Rice'),
('Eggs and Diary Products', 'Rice Milk'),
('Cereals and Potatoes', 'Rolls'),
('Misc', 'Rosemary'),
('Misc', 'Sage'),
('Fish', 'Salmon'),
('Misc', 'Salt'),
('Vegetables', 'Scallions'),
('Misc', 'Scones'),
('Vegetables', 'Shallots'),
('Sea Food', 'Shrimp'),
('Fish', 'Solomon'),
('Eggs and Diary Products', 'Soy Milk'),
('Vegetables', 'Spinach'),
('Vegetables', 'Spinuche'),
('Vegetables', 'Squash'),
('Fruits', 'Strawberries'),
('Sweetening Agents', 'Sugar'),
('Fruits', 'Sweet Barbados'),
('Vegetables', 'Sweet Potatoes'),
('Misc', 'Thyme'),
('Vegetables', 'Tomatoes'),
('Cereals and Potatoes', 'Tortillas'),
('Fish', 'Trout'),
('Fish', 'Tuna'),
('Sweetening Agents', 'Vanilla Extract'),
('Misc', 'Waffles'),
('Fruits', 'Watermelon'),
('Misc', 'Yeast'),
('Misc', 'Zourlomanites'),
('Vegetables', 'Zucchini'),
('Vegetables', 'Zucchinini');

INSERT INTO basic_ingredient (recipe_name, ing_name) VALUES
('Adobo', 'Allspice'),
('Apple Pie', 'Almond Extract'),
('Baklava', 'Almond Milk'),
('Basturma', 'Apples'),
('BBQ Ribs', 'Apricots'),
('Beef Stroganoff', 'Artichokes'),
('Belgian Waffles', 'Arugula'),
('Bibimbap', 'Asparagus'),
('Biryani', 'Avocado'),
('Bissara', 'Baby Carrots'),
('Blini', 'Baby Potatoes'),
('Boeuf Bourguignon', 'Baby Tomatoes'),
('Borscht', 'Bagels'),
('Bulgogi', 'Bananas'),
('Butter Chicken', 'Barley'),
('Chicken Curry', 'Basil'),
('Chicken Karahi', 'Beans'),
('Chicken Paprikash', 'Bed Bell Peppers'),
('Chiles en Nogada', 'Beef'),
('Chimichurri', 'Bell Peppers'),
('Chocolate Cake', 'Berries'),
('Couscous', 'Biscuits'),
('Croissants', 'Black Beans'),
('Dolma', 'Bluebarries'),
('Empanadas', 'Bread'),
('Enchiladas', 'Broccoli'),
('Falafel', 'Brococoli'),
('Fattoush', 'Brussels Sprouts'),
('Fish and Chips', 'Buckwheat'),
('Fisherman\'s Soup', 'Butter'),
('Flan', 'Cababage'),
('Ful Medames', 'Cabbage'),
('Gado-Gado', 'Cakes'),
('Gazpacho', 'Cantaloupe'),
('Goulash', 'Carrots'),
('Guacamole', 'Cashew Milk'),
('Gyros', 'Cauliflower'),
('Harira', 'Celery'),
('Harissa', 'Cherries'),
('Hot and Sour Soup', 'Chicken Breast'),
('Hummus', 'Chicken Thighs'),
('Japchae', 'Chickpeas'),
('Kare-Kare', 'Cilantre'),
('Keema', 'Cinnamon'),
('Kimchi', 'Cloves'),
('Knafeh', 'Coconut Milk'),
('Koshari', 'Cod'),
('Kung Pao Chicken', 'Corn'),
('Lasagna', 'Corn Falaoure'),
('Lavash', 'Corn Syrup'),
('Lechon', 'Couscous'),
('Lecsó', 'Cranberries'),
('Mahshi', 'Crepe'),
('Maqluba', 'Cucumber'),
('Milanesa', 'Cucumbers'),
('Molokhia', 'Dill'),
('Moules Frites', 'Donuts'),
('Moussaka', 'Dried Celery'),
('Nasi Goreng', 'Eggplant'),
('Okonomiyaki', 'Eggs'),
('Paella', 'Flour'),
('Pancit', 'Garlic'),
('Pastitsio', 'Garlic mush'),
('Peking Duck', 'Ginger'),
('Pelmeni', 'Grapes'),
('Provoleta', 'Green Beans'),
('Pumpkin Pie', 'Halibut'),
('Quiche', 'Honey'),
('Ramen', 'Honeydew'),
('Rasam', 'Kale'),
('Ratatouille', 'Kalele'),
('Rendang', 'Kidney Beans'),
('Risotto', 'Kiwi'),
('Rogan Josh', 'Lamb'),
('Satay', 'Lemon'),
('Shakshuka', 'Lemon Extract'),
('Shepherd\'s Pie', 'Lentils'),
('Spaghetti Carbonara', 'Lettuce'),
('Spanakopita', 'Lime'),
('Stoofvlees', 'Mango'),
('Sushi', 'Maple Syrup'),
('Sweet and Sour Pork', 'Milk'),
('Tabbouleh', 'Milkplant'),
('Tacos', 'Millet'),
('Tagine', 'Mint'),
('Tandoori Chicken', 'Molasses'),
('Tempura', 'Muffins'),
('Tiramisu', 'Mushrooms'),
('Tortilla Española', 'Nectarines'),
('Trifle', 'Noodles'),
('Waterzooi', 'Nutmeg'),
('Yorkshire Pudding', 'Oat Milk');

INSERT INTO episode (serial_number, contest_year, ep_pic) VALUES
(1, 2024, NULL),
(2, 2024, NULL),
(3, 2024, NULL),
(4, 2024, NULL),
(5, 2024, NULL),
(6, 2024, NULL),
(7, 2024, NULL),
(8, 2024, NULL),
(9, 2024, NULL),
(10, 2024, NULL),
(1, 2025, NULL),
(2, 2025, NULL),
(3, 2025, NULL),
(4, 2025, NULL),
(5, 2025, NULL),
(6, 2025, NULL),
(7, 2025, NULL),
(8, 2025, NULL),
(9, 2025, NULL),
(10, 2025, NULL),
(1, 2026, NULL),
(2, 2026, NULL),
(3, 2026, NULL),
(4, 2026, NULL),
(5, 2026, NULL),
(6, 2026, NULL),
(7, 2026, NULL),
(8, 2026, NULL),
(9, 2026, NULL),
(10, 2026, NULL),
(1, 2027, NULL),
(2, 2027, NULL),
(3, 2027, NULL),
(4, 2027, NULL),
(5, 2027, NULL),
(6, 2027, NULL),
(7, 2027, NULL),
(8, 2027, NULL),
(9, 2027, NULL),
(10, 2027, NULL),
(1, 2028, NULL), 
(2, 2028, NULL),
(3, 2028, NULL),
(4, 2028, NULL),
(5, 2028, NULL),
(6, 2028, NULL),
(7, 2028, NULL),
(8, 2028, NULL),
(9, 2028, NULL),
(10, 2028, NULL),
(1, 2029, NULL),
(2, 2029, NULL),
(3, 2029, NULL),
(4, 2029, NULL),
(5, 2029, NULL),
(6, 2029, NULL),
(7, 2029, NULL),
(8, 2029, NULL),
(9, 2029, NULL),
(10, 2029, NULL),
(1, 2030, NULL),
(2, 2030, NULL),
(3, 2030, NULL),
(4, 2030, NULL),
(5, 2030, NULL),
(6, 2030, NULL),
(7, 2030, NULL),
(8, 2030, NULL),
(9, 2030, NULL),
(10, 2030, NULL),
(1, 2031, NULL),
(2, 2031, NULL),
(3, 2031, NULL),
(4, 2031, NULL),
(5, 2031, NULL),
(6, 2031, NULL),
(7, 2031, NULL),
(8, 2031, NULL),
(9, 2031, NULL),
(10, 2031, NULL);

INSERT INTO cooks (cook_id, first_name, last_name, birth_date, work_exp, ranks, cook_pic) VALUES
(1, 'John', 'Doe', '1985-01-15', 10, 'chef', 'cooks/1.jpg'),
(2, 'Jane', 'Smith', '1990-05-23', 8, 'sous_chef', 'cooks/2.jpg'),
(3, 'Robert', 'Brown', '1978-11-30', 20, 'chef', 'cooks/3.jpg'),
(4, 'Emily', 'Davis', '1982-03-10', 15, 'b_cook', 'cooks/4.jpg'),
(5, 'Michael', 'Wilson', '1995-06-05', 5, 'a_cook', 'cooks/5.jpg'),
(6, 'Sarah', 'Miller', '1988-09-17', 12, 'sous_chef', 'cooks/6.jpg'),
(7, 'David', 'Martinez', '1992-12-25', 7, 'b_cook', 'cooks/7.jpg'),
(8, 'Laura', 'Garcia', '1984-04-14', 14, 'chef', 'cooks/8.jpg'),
(9, 'James', 'Rodriguez', '1993-07-19', 6, 'a_cook', 'cooks/9.jpg'),
(10, 'Olivia', 'Hernandez', '1987-02-28', 11, 'c_cook', 'cooks/10.jpg'),
(11, 'Daniel', 'Lopez', '1983-08-15', 16, 'sous_chef', 'cooks/11.jpg'),
(12, 'Sophia', 'Gonzalez', '1996-03-03', 4, 'b_cook', 'cooks/12.jpg'),
(13, 'Matthew', 'Perez', '1981-11-22', 18, 'chef', 'cooks/13.jpg'),
(14, 'Emma', 'Martinez', '1994-06-16', 5, 'c_cook', 'cooks/14.jpg'),
(15, 'Joseph', 'Thomas', '1979-09-29', 19, 'sous_chef', 'cooks/15.jpg'),
(16, 'Ava', 'Moore', '1991-12-05', 7, 'a_cook', 'cooks/16.jpg'),
(17, 'Charles', 'Taylor', '1986-05-20', 13, 'b_cook', 'cooks/17.jpg'),
(18, 'Mia', 'Anderson', '1989-10-18', 10, 'c_cook', 'cooks/18.jpg'),
(19, 'Christopher', 'Jackson', '1980-04-09', 20, 'chef', 'cooks/19.jpg'),
(20, 'Isabella', 'White', '1997-07-24', 3, 'a_cook', 'cooks/20.jpg'),
(21, 'Anthony', 'Harris', '1985-11-11', 15, 'sous_chef', 'cooks/21.jpg'),
(22, 'Grace', 'Clark', '1992-03-25', 6, 'b_cook', 'cooks/22.jpg'),
(23, 'Andrew', 'Lewis', '1983-06-16', 17, 'chef', 'cooks/23.jpg'),
(24, 'Chloe', 'Robinson', '1986-09-02', 13, 'a_cook', 'cooks/24.jpg'),
(25, 'Benjamin', 'Walker', '1994-12-30', 5, 'c_cook', 'cooks/25.jpg'),
(26, 'Amelia', 'Hall', '1989-07-14', 10, 'sous_chef', 'cooks/26.jpg'),
(27, 'Nathan', 'Allen', '1990-11-20', 8, 'b_cook', 'cooks/27.jpg'),
(28, 'Hannah', 'Young', '1988-02-12', 12, 'chef', 'cooks/28.jpg'),
(29, 'Ryan', 'King', '1991-04-22', 9, 'a_cook', 'cooks/29.jpg'),
(30, 'Lily', 'Wright', '1987-08-19', 11, 'c_cook', 'cooks/30.jpg'),
(31, 'Joshua', 'Scott', '1985-01-07', 15, 'sous_chef', 'cooks/31.jpg'),
(32, 'Zoe', 'Green', '1992-10-10', 6, 'b_cook', 'cooks/32.jpg'),
(33, 'Jacob', 'Baker', '1984-05-15', 14, 'chef', 'cooks/33.jpg'),
(34, 'Ella', 'Adams', '1993-12-28', 5, 'a_cook', 'cooks/34.jpg'),
(35, 'William', 'Nelson', '1996-06-03', 4, 'c_cook', 'cooks/35.jpg'),
(36, 'Madison', 'Carter', '1988-11-25', 12, 'sous_chef', 'cooks/36.jpg'),
(37, 'Ethan', 'Mitchell', '1991-09-05', 7, 'b_cook', 'cooks/37.jpg'),
(38, 'Victoria', 'Perez', '1987-03-16', 11, 'chef', 'cooks/38.jpg'),
(39, 'Mason', 'Roberts', '1989-07-22', 10, 'a_cook', 'cooks/39.jpg'),
(40, 'Scarlett', 'Turner', '1984-08-30', 14, 'c_cook', 'cooks/40.jpg'),
(41, 'Alexander', 'Phillips', '1982-02-07', 18, 'sous_chef', 'cooks/41.jpg'),
(42, 'Abigail', 'Campbell', '1990-06-19', 8, 'b_cook', 'cooks/42.jpg'),
(43, 'Logan', 'Parker', '1985-09-12', 15, 'chef', 'cooks/43.jpg'),
(44, 'Lillian', 'Evans', '1992-12-24', 6, 'a_cook', 'cooks/44.jpg'),
(45, 'Lucas', 'Edwards', '1994-04-28', 5, 'c_cook', 'cooks/45.jpg'),
(46, 'Sofia', 'Collins', '1987-10-09', 11, 'sous_chef', 'cooks/46.jpg'),
(47, 'Jackson', 'Stewart', '1989-05-21', 10, 'b_cook', 'cooks/47.jpg'),
(48, 'Charlotte', 'Sanchez', '1983-11-18', 17, 'chef', 'cooks/48.jpg'),
(49, 'Henry', 'Morris', '1991-08-05', 7, 'a_cook', 'cooks/49.jpg'),
(50, 'Aria', 'Rogers', '1986-01-13', 13, 'c_cook', 'cooks/50.jpg'),
(51, 'Gabriel', 'Reed', '1980-03-25', 20, 'sous_chef', 'cooks/51.jpg'),
(52, 'Samantha', 'Cook', '1992-09-30', 6, 'b_cook', 'cooks/52.jpg'),
(53, 'Matthew', 'Morgan', '1984-12-15', 16, 'chef', 'cooks/53.jpg'),
(54, 'Penelope', 'Bell', '1993-02-14', 5, 'a_cook', 'cooks/54.jpg'),
(55, 'Aiden', 'Murphy', '1988-07-08', 12, 'c_cook', 'cooks/55.jpg'),
(56, 'Aubrey', 'Bailey', '1986-11-11', 13, 'sous_chef', 'cooks/56.jpg'),
(57, 'Caleb', 'Rivera', '1990-04-03', 8, 'b_cook', 'cooks/57.jpg'),
(58, 'Evelyn', 'Cooper', '1985-05-21', 15, 'chef', 'cooks/58.jpg'),
(59, 'Hunter', 'Richardson', '1991-03-18', 7, 'a_cook', 'cooks/59.jpg'),
(60, 'Ella', 'Cox', '1994-10-12', 5, 'c_cook', 'cooks/60.jpg'),
(61, 'Isaac', 'Howard', '1983-01-05', 16, 'sous_chef', 'cooks/61.jpg'),
(62, 'Scarlett', 'Ward', '1989-08-09', 10, 'b_cook', 'cooks/62.jpg'),
(63, 'Liam', 'Torres', '1981-11-14', 18, 'chef', 'cooks/63.jpg'),
(64, 'Layla', 'Peterson', '1992-07-29', 6, 'a_cook', 'cooks/64.jpg'),
(65, 'Lucas', 'Gray', '1994-05-19', 4, 'c_cook', 'cooks/65.jpg'),
(66, 'Emily', 'Ramirez', '1987-09-07', 11, 'sous_chef', 'cooks/66.jpg'),
(67, 'Owen', 'James', '1985-06-26', 15, 'b_cook', 'cooks/67.jpg'),
(68, 'Grace', 'Watson', '1991-01-17', 7, 'chef', 'cooks/68.jpg'),
(69, 'Samuel', 'Brooks', '1993-12-11', 5, 'a_cook', 'cooks/69.jpg'),
(70, 'Chloe', 'Kelly', '1989-11-05', 10, 'c_cook', 'cooks/70.jpg'),
(71, 'Wyatt', 'Sanders', '1982-04-27', 18, 'sous_chef', 'cooks/71.jpg'),
(72, 'Avery', 'Price', '1990-02-13', 8, 'b_cook', 'cooks/72.jpg'),
(73, 'Jackson', 'Bennett', '1986-06-09', 12, 'chef', 'cooks/73.jpg'),
(74, 'Harper', 'Wood', '1994-03-21', 4, 'a_cook', 'cooks/74.jpg'),
(75, 'Carter', 'Barnes', '1988-08-31', 12, 'c_cook', 'cooks/75.jpg'),
(76, 'Zoey', 'Ross', '1987-01-29', 11, 'sous_chef', 'cooks/76.jpg'),
(77, 'Julian', 'Henderson', '1983-05-20', 17, 'b_cook', 'cooks/77.jpg'),
(78, 'Aurora', 'Coleman', '1991-07-01', 7, 'chef', 'cooks/78.jpg'),
(79, 'Levi', 'Jenkins', '1993-09-24', 5, 'a_cook', 'cooks/79.jpg'),
(80, 'Victoria', 'Perry', '1990-12-06', 8, 'c_cook', 'cooks/80.jpg'),
(81, 'Sebastian', 'Powell', '1984-11-10', 14, 'sous_chef', 'cooks/81.jpg'),
(82, 'Hannah', 'Long', '1986-02-22', 13, 'b_cook', 'cooks/82.jpg'),
(83, 'Eli', 'Patterson', '1982-07-18', 18, 'chef', 'cooks/83.jpg'),
(84, 'Riley', 'Hughes', '1994-01-25', 4, 'a_cook', 'cooks/84.jpg'),
(85, 'David', 'Flores', '1988-06-11', 12, 'c_cook', 'cooks/85.jpg'),
(86, 'Zoey', 'Washington', '1987-10-03', 11, 'sous_chef', 'cooks/86.jpg'),
(87, 'Anthony', 'Butler', '1983-09-14', 16, 'b_cook', 'cooks/87.jpg'),
(88, 'Ava', 'Simmons', '1991-05-30', 7, 'chef', 'cooks/88.jpg'),
(89, 'Henry', 'Foster', '1992-12-01', 6, 'a_cook', 'cooks/89.jpg'),
(90, 'Sofia', 'Gonzalez', '1990-03-17', 8, 'c_cook', 'cooks/90.jpg'),
(91, 'Christian', 'Bryant', '1982-08-20', 18, 'sous_chef', 'cooks/91.jpg'),
(92, 'Riley', 'Alexander', '1985-11-04', 15, 'b_cook', 'cooks/92.jpg'),
(93, 'James', 'Russell', '1986-05-14', 13, 'chef', 'cooks/93.jpg'),
(94, 'Evelyn', 'Griffin', '1994-09-11', 4, 'a_cook', 'cooks/94.jpg'),
(95, 'Daniel', 'Diaz', '1989-01-19', 10, 'c_cook', 'cooks/95.jpg'),
(96, 'Liam', 'Hayes', '1988-07-03', 12, 'sous_chef', 'cooks/96.jpg'),
(97, 'Scarlett', 'Myers', '1983-12-21', 17, 'b_cook', 'cooks/97.jpg'),
(98, 'Noah', 'Ford', '1991-06-08', 7, 'chef', 'cooks/98.jpg'),
(99, 'Avery', 'Hamilton', '1993-11-26', 5, 'a_cook', 'cooks/99.jpg'),
(100, 'Olivia', 'Graham', '1990-04-29', 8, 'c_cook', 'cooks/100.jpg'),
(101, 'Boska', 'Dinuv', '2001-07-31', 5, 'chef', 'cooks/101.jpg'),
(102, 'Marouska', 'Galei', '2005-04-20', 2, 'sous_chef', 'cooks/102.jpg'),
(103, 'Bobi', 'Bush', '2002-04-15', 8, 'c_cook', 'cooks/103.jpg'),
(104, 'Johnakis', 'Johnakos', '2002-02-23', 1, 'a_cook', 'cooks/104.jpg'),
(105, 'Takaros', 'Tselai', '2004-10-14', 0, 'a_cook', 'cooks/105.jpg'),
(106, 'Abo', 'Kono', '2000-04-29', 8, 'c_cook', 'cooks/106.jpg'),
(107, 'Anakin', 'Skywalker', '1997-04-29', 7, 'c_cook', 'cooks/107.jpg'),
(108, 'Leia', 'Skywalker', '1999-01-29', 8, 'c_cook', 'cooks/108.jpg'),
(109, 'Luck', 'Skywalker', '1998-04-09', 5, 'chef', 'cooks/109.jpg'),
(110, 'Rei', 'NotSkywalker', '1999-04-29', 0, 'a_cook', 'cooks/110.jpg'),
(111, 'Darth', 'Vader', '1999-11-12', 2, 'c_cook', 'cooks/111.jpg'),
(112, 'Palpatine', 'Dewit', '2000-04-02', 8, 'b_cook', 'cooks/112.jpg'),
(113, 'Bond', 'Jamesbond', '2001-04-11', 1, 'sous_chef', 'cooks/113.jpg'),
(114, 'Oliver', 'Twist', '2003-06-29', 8, 'c_cook', 'cooks/114.jpg'),
(115, 'Donatello', 'Green', '2001-09-29', 8, 'c_cook', 'cooks/115.jpg');

INSERT INTO phone_number (cook_id, phone_num) VALUES
(1, 12345678),
(2, 23456789),
(3, 34567890),
(4, 45678901),
(5, 56789012),
(6, 67890123),
(7, 78901234),
(8, 89012345),
(9, 90123456),
(10, 10123457),
(11, 11234568),
(12, 12345679),
(13, 23456780),
(14, 34567891),
(15, 45678902),
(16, 56789013),
(17, 67890124),
(18, 78901235),
(19, 89012346),
(20, 90123457),
(21, 12345678),
(22, 23456789),
(23, 34567890),
(24, 45678901),
(25, 56789012),
(26, 67890123),
(27, 78901234),
(28, 89012345),
(29, 90123456),
(30, 10123457),
(31, 11234568),
(32, 12345679),
(33, 23456780),
(34, 34567891),
(35, 45678902),
(36, 56789013),
(37, 67890124),
(38, 78901235),
(39, 89012346),
(40, 90123457),
(41, 12345678),
(42, 23456789),
(43, 34567890),
(44, 45678901),
(45, 56789012),
(46, 67890123),
(47, 78901234),
(48, 89012345),
(49, 90123456),
(50, 10123457),
(51, 11234568),
(52, 12345679),
(53, 23456780),
(54, 34567891),
(55, 45678902),
(56, 56789013),
(57, 67890124),
(58, 78901235),
(59, 89012346),
(60, 90123457),
(61, 12345678),
(62, 23456789),
(63, 34567890),
(64, 45678901),
(65, 56789012),
(66, 67890123),
(67, 78901234),
(68, 89012345),
(69, 90123456),
(70, 10123457),
(71, 11234568),
(72, 12345679),
(73, 23456780),
(74, 34567891),
(75, 45678902),
(76, 56789013),
(77, 67890124),
(78, 78901235),
(79, 89012346),
(80, 90123457),
(81, 12345678),
(82, 23456789),
(83, 34567890),
(84, 45678901),
(85, 56789012),
(86, 67890123),
(87, 78901234),
(88, 89012345),
(89, 90123456),
(90, 10123457),
(91, 11234568),
(92, 12345679),
(93, 23456780),
(94, 34567891),
(95, 45678902),
(96, 56789013),
(97, 67890124),
(98, 78901235),
(99, 89012346),
(100, 90123457);

INSERT INTO expertise (cook_id, cuisine) VALUES
(1, 'American'),
(2, 'Arab'),
(3, 'Argentine'),
(4, 'Armenian'),
(5, 'Belgian'),
(6, 'British'),
(7, 'Chinese'),
(8, 'Egyptian'),
(9, 'Filipino'),
(10, 'French'),
(11, 'Greek'),
(12, 'Hungarian'),
(13, 'Indian'),
(14, 'Indonesian'),
(15, 'Italian'),
(16, 'Japanese'),
(17, 'Korean'),
(18, 'Mexican'),
(19, 'Moroccan'),
(20, 'Pakistani'),
(21, 'Palestinian'),
(22, 'Russian'),
(23, 'Spanish'),
(24, 'American'),
(25, 'Arab'),
(26, 'Argentine'),
(27, 'Armenian'),
(28, 'Belgian'),
(29, 'British'),
(30, 'Chinese'),
(31, 'Egyptian'),
(32, 'Filipino'),
(33, 'French'),
(34, 'Greek'),
(35, 'Hungarian'),
(36, 'Indian'),
(37, 'Indonesian'),
(38, 'Italian'),
(39, 'Japanese'),
(40, 'Korean'),
(41, 'Mexican'),
(42, 'Moroccan'),
(43, 'Pakistani'),
(44, 'Palestinian'),
(45, 'Russian'),
(46, 'Spanish'),
(47, 'American'),
(48, 'Arab'),
(49, 'Argentine'),
(50, 'Armenian'),
(51, 'Belgian'),
(52, 'British'),
(53, 'Chinese'),
(54, 'Egyptian'),
(55, 'Filipino'),
(56, 'French'),
(57, 'Greek'),
(58, 'Hungarian'),
(59, 'Indian'),
(60, 'Indonesian'),
(61, 'Italian'),
(62, 'Japanese'),
(63, 'Korean'),
(64, 'Mexican'),
(65, 'Moroccan'),
(66, 'Pakistani'),
(67, 'Palestinian'),
(68, 'Russian'),
(69, 'Spanish'),
(70, 'American'),
(71, 'Arab'),
(72, 'Argentine'),
(73, 'Armenian'),
(74, 'Belgian'),
(75, 'British'),
(76, 'Chinese'),
(77, 'Egyptian'),
(78, 'Filipino'),
(79, 'French'),
(80, 'Greek'),
(81, 'Hungarian'),
(82, 'Indian'),
(83, 'Indonesian'),
(84, 'Italian'),
(85, 'Japanese'),
(86, 'Korean'),
(87, 'Mexican'),
(88, 'Moroccan'),
(89, 'Pakistani'),
(90, 'Palestinian'),
(91, 'Russian'),
(92, 'Spanish'),
(93, 'American'),
(94, 'Arab'),
(95, 'Argentine'),
(96, 'Armenian'),
(97, 'Belgian'),
(98, 'British'),
(99, 'Chinese'),
(100, 'Egyptian'),
(101, 'British'),
(102, 'Spanish'),
(103, 'Arab'),
(104, 'Greek'),
(105, 'Greek'),
(106, 'Russian'),
(107, 'Egyptian'),
(108, 'Arab'),
(109, 'Egyptian'),
(110, 'Egyptian'),
(111, 'Egyptian'),
(112, 'Chinese'),
(113, 'Chinese'),
(114, 'Greek'),
(115, 'Mexican');


INSERT INTO judge (cook_id, judge_id, serial_number, contest_year) VALUES
-- Year 2024
(103, 1, 1, 2024), (45, 2, 1, 2024), (89, 3, 1, 2024),
(12, 1, 2, 2024), (67, 2, 2, 2024), (34, 3, 2, 2024),
(78, 1, 3, 2024), (55, 2, 3, 2024), (99, 3, 3, 2024),
(11, 1, 4, 2024), (101, 2, 4, 2024), (65, 3, 4, 2024),
(87, 1, 5, 2024), (38, 2, 5, 2024), (52, 3, 5, 2024),
(33, 1, 6, 2024), (24, 2, 6, 2024), (76, 3, 6, 2024),
(100, 1, 7, 2024), (59, 2, 7, 2024), (81, 3, 7, 2024),
(6, 1, 8, 2024), (97, 2, 8, 2024), (43, 3, 8, 2024),
(49, 1, 9, 2024), (103, 2, 9, 2024), (73, 3, 9, 2024),
(17, 1, 10, 2024), (30, 2, 10, 2024), (107, 3, 10, 2024),

-- Year 2025
(29, 1, 1, 2025), (107, 2, 1, 2025), (115, 3, 1, 2025),
(39, 1, 2, 2025), (50, 2, 2, 2025), (74, 3, 2, 2025),
(4, 1, 3, 2025), (20, 2, 3, 2025), (93, 3, 3, 2025),
(27, 1, 4, 2025), (103, 2, 4, 2025), (82, 3, 4, 2025),
(15, 1, 5, 2025), (57, 2, 5, 2025), (98, 3, 5, 2025),
(8, 1, 6, 2025), (44, 2, 6, 2025), (72, 3, 6, 2025),
(101, 1, 7, 2025), (58, 2, 7, 2025), (83, 3, 7, 2025),
(21, 1, 8, 2025), (36, 2, 8, 2025), (77, 3, 8, 2025),
(9, 1, 9, 2025), (47, 2, 9, 2025), (107, 3, 9, 2025),
(16, 1, 10, 2025), (48, 2, 10, 2025), (79, 3, 10, 2025),

-- Year 2026
(115, 1, 1, 2026), (56, 2, 1, 2026), (85, 3, 1, 2026),
(22, 1, 2, 2026), (53, 2, 2, 2026), (91, 3, 2, 2026),
(2, 1, 3, 2026), (101, 2, 3, 2026), (75, 3, 3, 2026),
(13, 1, 4, 2026), (54, 2, 4, 2026), (94, 3, 4, 2026),
(5, 1, 5, 2026), (42, 2, 5, 2026), (70, 3, 5, 2026),
(32, 1, 6, 2026), (107, 2, 6, 2026), (90, 3, 6, 2026),
(18, 1, 7, 2026), (40, 2, 7, 2026), (71, 3, 7, 2026),
(3, 1, 8, 2026), (28, 2, 8, 2026), (95, 3, 8, 2026),
(107, 1, 9, 2026), (41, 2, 9, 2026), (61, 3, 9, 2026),
(19, 1, 10, 2026), (31, 2, 10, 2026), (68, 3, 10, 2026),

-- Year 2027
(37, 1, 1, 2027), (62, 2, 1, 2027), (96, 3, 1, 2027),
(10, 1, 2, 2027), (25, 2, 2, 2027), (80, 3, 2, 2027),
(1, 1, 3, 2027), (66, 2, 3, 2027), (69, 3, 3, 2027),
(51, 1, 4, 2027), (74, 2, 4, 2027), (39, 3, 4, 2027),
(55, 1, 5, 2027), (34, 2, 5, 2027), (98, 3, 5, 2027),
(8, 1, 6, 2027), (107, 2, 6, 2027), (17, 3, 6, 2027),
(36, 1, 7, 2027), (84, 2, 7, 2027), (57, 3, 7, 2027),
(115, 1, 8, 2027), (92, 2, 8, 2027), (64, 3, 8, 2027),
(53, 1, 9, 2027), (101, 2, 9, 2027), (47, 3, 9, 2027),
(67, 1, 10, 2027), (90, 2, 10, 2027), (102, 3, 10, 2027),

-- Year 2028
(20, 1, 1, 2028), (75, 2, 1, 2028), (101, 3, 1, 2028),
(59, 1, 2, 2028), (14, 2, 2, 2028), (30, 3, 2, 2028),
(27, 1, 3, 2028), (107, 2, 3, 2028), (7, 3, 3, 2028),
(49, 1, 4, 2028), (63, 2, 4, 2028), (4, 3, 4, 2028),
(26, 1, 5, 2028), (115, 2, 5, 2028), (83, 3, 5, 2028),
(101, 1, 6, 2028), (35, 2, 6, 2028), (56, 3, 6, 2028),
(66, 1, 7, 2028), (12, 2, 7, 2028), (91, 3, 7, 2028),
(103, 1, 8, 2028), (70, 2, 8, 2028), (44, 3, 8, 2028),
(29, 1, 9, 2028), (85, 2, 9, 2028), (61, 3, 9, 2028),
(6, 1, 10, 2028), (103, 2, 10, 2028), (99, 3, 10, 2028),

-- Year 2029
(37, 1, 1, 2029), (22, 2, 1, 2029), (83, 3, 1, 2029),
(107, 1, 2, 2029), (51, 2, 2, 2029), (13, 3, 2, 2029),
(39, 1, 3, 2029), (82, 2, 3, 2029), (77, 3, 3, 2029),
(31, 1, 4, 2029), (101, 2, 4, 2029), (24, 3, 4, 2029),
(58, 1, 5, 2029), (11, 2, 5, 2029), (87, 3, 5, 2029),
(103, 1, 6, 2029), (68, 2, 6, 2029), (57, 3, 6, 2029),
(26, 1, 7, 2029), (62, 2, 7, 2029), (107, 3, 7, 2029),
(5, 1, 8, 2029), (47, 2, 8, 2029), (93, 3, 8, 2029),
(101, 1, 9, 2029), (55, 2, 9, 2029), (42, 3, 9, 2029),
(7, 1, 10, 2029), (90, 2, 10, 2029), (115, 3, 10, 2029),

-- Year 2030
(16, 1, 1, 2030), (64, 2, 1, 2030), (103, 3, 1, 2030),
(107, 1, 2, 2030), (33, 2, 2, 2030), (86, 3, 2, 2030),
(12, 1, 3, 2030), (45, 2, 3, 2030), (76, 3, 3, 2030),
(21, 1, 4, 2030), (84, 2, 4, 2030), (59, 3, 4, 2030),
(25, 1, 5, 2030), (107, 2, 5, 2030), (48, 3, 5, 2030),
(14, 1, 6, 2030), (63, 2, 6, 2030), (30, 3, 6, 2030),
(8, 1, 7, 2030), (52, 2, 7, 2030), (69, 3, 7, 2030),
(115, 1, 8, 2030), (67, 2, 8, 2030), (95, 3, 8, 2030),
(32, 1, 9, 2030), (78, 2, 9, 2030), (13, 3, 9, 2030),
(22, 1, 10, 2030), (101, 2, 10, 2030), (99, 3, 10, 2030),

-- Year 2031
(1, 1, 1, 2031), (115, 2, 1, 2031), (111, 3, 1, 2031),
(110, 1, 2, 2031), (67, 2, 2, 2031), (115, 3, 2, 2031),
(1, 1, 3, 2031), (111, 2, 3, 2031), (110, 3, 3, 2031),
(1, 1, 4, 2031), (115, 2, 4, 2031), (110, 3, 4, 2031),
(87, 1, 5, 2031), (38, 2, 5, 2031), (115, 3, 5, 2031),
(33, 1, 6, 2031), (24, 2, 6, 2031), (111, 3, 6, 2031),
(100, 1, 7, 2031), (111, 2, 7, 2031), (81, 3, 7, 2031),
(1, 1, 8, 2031), (110, 2, 8, 2031), (115, 3, 8, 2031),
(49, 1, 9, 2031), (115, 2, 9, 2031), (110, 3, 9, 2031),
(1, 1, 10, 2031), (115, 2, 10, 2031), (111, 3, 10, 2031);

INSERT INTO participant (cook_id, part_id, serial_number, contest_year) VALUES
-- Year 2024
(23, 1, 1, 2024), (46, 2, 1, 2024), (88, 3, 1, 2024), (22, 4, 1, 2024), (56, 5, 1, 2024), (34, 6, 1, 2024), (78, 7, 1, 2024), (55, 8, 1, 2024), (99, 9, 1, 2024), (11, 10, 1, 2024),
(92, 1, 2, 2024), (65, 2, 2, 2024), (87, 3, 2, 2024), (38, 4, 2, 2024), (52, 5, 2, 2024), (33, 6, 2, 2024), (24, 7, 2, 2024), (76, 8, 2, 2024), (100, 9, 2, 2024), (59, 10, 2, 2024),
(81, 1, 3, 2024), (6, 2, 3, 2024), (97, 3, 3, 2024), (43, 4, 3, 2024), (49, 5, 3, 2024), (26, 6, 3, 2024), (73, 7, 3, 2024), (17, 8, 3, 2024), (30, 9, 3, 2024), (84, 10, 3, 2024),
(29, 1, 4, 2024), (64, 2, 4, 2024), (88, 3, 4, 2024), (39, 4, 4, 2024), (50, 5, 4, 2024), (74, 6, 4, 2024), (4, 7, 4, 2024), (20, 8, 4, 2024), (93, 9, 4, 2024), (27, 10, 4, 2024),
(63, 1, 5, 2024), (82, 2, 5, 2024), (15, 3, 5, 2024), (57, 4, 5, 2024), (98, 5, 5, 2024), (8, 6, 5, 2024), (44, 7, 5, 2024), (72, 8, 5, 2024), (14, 9, 5, 2024), (58, 10, 5, 2024),
(83, 1, 6, 2024), (21, 2, 6, 2024), (36, 3, 6, 2024), (77, 4, 6, 2024), (9, 5, 6, 2024), (47, 6, 6, 2024), (86, 7, 6, 2024), (16, 8, 6, 2024), (48, 9, 6, 2024), (79, 10, 6, 2024),
(35, 1, 7, 2024), (56, 2, 7, 2024), (85, 3, 7, 2024), (22, 4, 7, 2024), (53, 5, 7, 2024), (91, 6, 7, 2024), (2, 7, 7, 2024), (46, 8, 7, 2024), (75, 9, 7, 2024), (13, 10, 7, 2024),
(54, 1, 8, 2024), (94, 2, 8, 2024), (5, 3, 8, 2024), (42, 4, 8, 2024), (70, 5, 8, 2024), (32, 6, 8, 2024), (60, 7, 8, 2024), (90, 8, 8, 2024), (18, 9, 8, 2024), (40, 10, 8, 2024),
(71, 1, 9, 2024), (3, 2, 9, 2024), (28, 3, 9, 2024), (95, 4, 9, 2024), (7, 5, 9, 2024), (41, 6, 9, 2024), (61, 7, 9, 2024), (19, 8, 9, 2024), (31, 9, 9, 2024), (68, 10, 9, 2024),
(37, 1, 10, 2024), (62, 2, 10, 2024), (96, 3, 10, 2024), (10, 4, 10, 2024), (25, 5, 10, 2024), (80, 6, 10, 2024), (1, 7, 10, 2024), (66, 8, 10, 2024), (69, 9, 10, 2024), (51, 10, 10, 2024),
-- Year 2025
(74, 1, 1, 2025), (39, 2, 1, 2025), (55, 3, 1, 2025), (34, 4, 1, 2025), (98, 5, 1, 2025), (8, 6, 1, 2025), (28, 7, 1, 2025), (17, 8, 1, 2025), (36, 9, 1, 2025), (84, 10, 1, 2025),
(57, 1, 2, 2025), (23, 2, 2, 2025), (92, 3, 2, 2025), (64, 4, 2, 2025), (53, 5, 2, 2025), (41, 6, 2, 2025), (47, 7, 2, 2025), (67, 8, 2, 2025), (90, 9, 2, 2025), (21, 10, 2, 2025),
(102, 1, 3, 2025), (75, 2, 3, 2025), (38, 3, 3, 2025), (59, 4, 3, 2025), (14, 5, 3, 2025), (30, 6, 3, 2025), (27, 7, 3, 2025), (88, 8, 3, 2025), (7, 9, 3, 2025), (49, 10, 3, 2025),
(63, 1, 4, 2025), (4, 2, 4, 2025), (93, 3, 4, 2025), (26, 4, 4, 2025), (72, 5, 4, 2025), (83, 6, 4, 2025), (1, 7, 4, 2025), (35, 8, 4, 2025), (56, 9, 4, 2025), (66, 10, 4, 2025),
(12, 1, 5, 2025), (45, 2, 5, 2025), (91, 3, 5, 2025), (18, 4, 5, 2025), (70, 5, 5, 2025), (44, 6, 5, 2025), (29, 7, 5, 2025), (85, 8, 5, 2025), (61, 9, 5, 2025), (6, 10, 5, 2025),
(48, 1, 6, 2025), (99, 2, 6, 2025), (37, 3, 6, 2025), (11, 4, 6, 2025), (2, 5, 6, 2025), (69, 6, 6, 2025), (22, 7, 6, 2025), (60, 8, 6, 2025), (32, 9, 6, 2025), (78, 10, 6, 2025),
(25, 1, 7, 2025), (89, 2, 7, 2025), (16, 3, 7, 2025), (81, 4, 7, 2025), (46, 5, 7, 2025), (31, 6, 7, 2025), (19, 7, 7, 2025), (52, 8, 7, 2025), (79, 9, 7, 2025), (10, 10, 7, 2025),
(40, 1, 8, 2025), (58, 2, 8, 2025), (50, 3, 8, 2025), (65, 4, 8, 2025), (3, 5, 8, 2025), (68, 6, 8, 2025), (86, 7, 8, 2025), (71, 8, 8, 2025), (24, 9, 8, 2025), (95, 10, 8, 2025),
(33, 1, 9, 2025), (102, 2, 9, 2025), (62, 3, 9, 2025), (13, 4, 9, 2025), (42, 5, 9, 2025), (97, 6, 9, 2025), (76, 7, 9, 2025), (5, 8, 9, 2025), (54, 9, 9, 2025), (77, 10, 9, 2025),
(80, 1, 10, 2025), (15, 2, 10, 2025), (43, 3, 10, 2025), (87, 4, 10, 2025), (51, 5, 10, 2025), (73, 6, 10, 2025), (17, 7, 10, 2025), (82, 8, 10, 2025), (74, 9, 10, 2025), (100, 10, 10, 2025),
-- Year 2026
(13, 1, 1, 2026), (89, 2, 1, 2026), (40, 3, 1, 2026), (7, 4, 1, 2026), (52, 5, 1, 2026), (22, 6, 1, 2026), (90, 7, 1, 2026), (36, 8, 1, 2026), (3, 9, 1, 2026), (79, 10, 1, 2026),
(62, 1, 2, 2026), (26, 2, 2, 2026), (55, 3, 2, 2026), (68, 4, 2, 2026), (44, 5, 2, 2026), (6, 6, 2, 2026), (73, 7, 2, 2026), (80, 8, 2, 2026), (15, 9, 2, 2026), (98, 10, 2, 2026),
(33, 1, 3, 2026), (85, 2, 3, 2026), (8, 3, 3, 2026), (30, 4, 3, 2026), (50, 5, 3, 2026), (24, 6, 3, 2026), (59, 7, 3, 2026), (17, 8, 3, 2026), (78, 9, 3, 2026), (64, 10, 3, 2026),
(28, 1, 4, 2026), (93, 2, 4, 2026), (4, 3, 4, 2026), (11, 4, 4, 2026), (69, 5, 4, 2026), (96, 6, 4, 2026), (5, 7, 4, 2026), (61, 8, 4, 2026), (2, 9, 4, 2026), (49, 10, 4, 2026),
(71, 1, 5, 2026), (12, 2, 5, 2026), (95, 3, 5, 2026), (18, 4, 5, 2026), (75, 5, 5, 2026), (38, 6, 5, 2026), (25, 7, 5, 2026), (81, 8, 5, 2026), (66, 9, 5, 2026), (10, 10, 5, 2026),
(76, 1, 6, 2026), (47, 2, 6, 2026), (35, 3, 6, 2026), (53, 4, 6, 2026), (99, 5, 6, 2026), (1, 6, 6, 2026), (21, 7, 6, 2026), (74, 8, 6, 2026), (43, 9, 6, 2026), (19, 10, 6, 2026),
(92, 1, 7, 2026), (58, 2, 7, 2026), (32, 3, 7, 2026), (77, 4, 7, 2026), (45, 5, 7, 2026), (70, 6, 7, 2026), (34, 7, 7, 2026), (84, 8, 7, 2026), (41, 9, 7, 2026), (83, 10, 7, 2026),
(9, 1, 8, 2026), (27, 2, 8, 2026), (16, 3, 8, 2026), (65, 4, 8, 2026), (57, 5, 8, 2026), (48, 6, 8, 2026), (42, 7, 8, 2026), (87, 8, 8, 2026), (37, 9, 8, 2026), (20, 10, 8, 2026),
(31, 1, 9, 2026), (86, 2, 9, 2026), (51, 3, 9, 2026), (14, 4, 9, 2026), (67, 5, 9, 2026), (63, 6, 9, 2026), (29, 7, 9, 2026), (40, 8, 9, 2026), (54, 9, 9, 2026), (56, 10, 9, 2026),
(39, 1, 10, 2026), (82, 2, 10, 2026), (72, 3, 10, 2026), (13, 4, 10, 2026), (60, 5, 10, 2026), (94, 6, 10, 2026), (91, 7, 10, 2026), (46, 8, 10, 2026), (102, 9, 10, 2026), (80, 10, 10, 2026),
-- Year 2027
(77, 1, 1, 2027), (52, 2, 1, 2027), (8, 3, 1, 2027), (93, 4, 1, 2027), (15, 5, 1, 2027), (48, 6, 1, 2027), (4, 7, 1, 2027), (31, 8, 1, 2027), (102, 9, 1, 2027), (59, 10, 1, 2027),
(18, 1, 2, 2027), (90, 2, 2, 2027), (49, 3, 2, 2027), (76, 4, 2, 2027), (5, 5, 2, 2027), (43, 6, 2, 2027), (29, 7, 2, 2027), (66, 8, 2, 2027), (41, 9, 2, 2027), (79, 10, 2, 2027),
(11, 1, 3, 2027), (95, 2, 3, 2027), (55, 3, 3, 2027), (22, 4, 3, 2027), (70, 5, 3, 2027), (13, 6, 3, 2027), (53, 7, 3, 2027), (44, 8, 3, 2027), (68, 9, 3, 2027), (84, 10, 3, 2027),
(38, 1, 4, 2027), (25, 2, 4, 2027), (92, 3, 4, 2027), (7, 4, 4, 2027), (19, 5, 4, 2027), (33, 6, 4, 2027), (64, 7, 4, 2027), (99, 8, 4, 2027), (36, 9, 4, 2027), (87, 10, 4, 2027),
(20, 1, 5, 2027), (69, 2, 5, 2027), (46, 3, 5, 2027), (24, 4, 5, 2027), (89, 5, 5, 2027), (56, 6, 5, 2027), (45, 7, 5, 2027), (80, 8, 5, 2027), (42, 9, 5, 2027), (14, 10, 5, 2027),
(78, 1, 6, 2027), (30, 2, 6, 2027), (9, 3, 6, 2027), (47, 4, 6, 2027), (98, 5, 6, 2027), (26, 6, 6, 2027), (86, 7, 6, 2027), (23, 8, 6, 2027), (35, 9, 6, 2027), (91, 10, 6, 2027),
(10, 1, 7, 2027), (21, 2, 7, 2027), (50, 3, 7, 2027), (32, 4, 7, 2027), (60, 5, 7, 2027), (28, 6, 7, 2027), (67, 7, 7, 2027), (3, 8, 7, 2027), (85, 9, 7, 2027), (17, 10, 7, 2027),
(58, 1, 8, 2027), (39, 2, 8, 2027), (1, 3, 8, 2027), (88, 4, 8, 2027), (63, 5, 8, 2027), (75, 6, 8, 2027), (71, 7, 8, 2027), (16, 8, 8, 2027), (27, 9, 8, 2027), (57, 10, 8, 2027),
(40, 1, 9, 2027), (2, 2, 9, 2027), (12, 3, 9, 2027), (74, 4, 9, 2027), (37, 5, 9, 2027), (73, 6, 9, 2027), (6, 7, 9, 2027), (54, 8, 9, 2027), (72, 9, 9, 2027), (48, 10, 9, 2027),
(65, 1, 10, 2027), (83, 2, 10, 2027), (51, 3, 10, 2027), (61, 4, 10, 2027), (81, 5, 10, 2027), (108, 6, 10, 2027), (1, 7, 10, 2027), (97, 8, 10, 2027), (82, 9, 10, 2027), (100, 10, 10, 2027),
-- Year 2028
(5, 1, 1, 2028), (57, 2, 1, 2028), (95, 3, 1, 2028), (69, 4, 1, 2028), (23, 5, 1, 2028), (34, 6, 1, 2028), (77, 7, 1, 2028), (8, 8, 1, 2028), (48, 9, 1, 2028), (74, 10, 1, 2028),
(26, 1, 2, 2028), (81, 2, 2, 2028), (11, 3, 2, 2028), (54, 4, 2, 2028), (88, 5, 2, 2028), (35, 6, 2, 2028), (6, 7, 2, 2028), (46, 8, 2, 2028), (64, 9, 2, 2028), (43, 10, 2, 2028),
(18, 1, 3, 2028), (67, 2, 3, 2028), (9, 3, 3, 2028), (37, 4, 3, 2028), (58, 5, 3, 2028), (2, 6, 3, 2028), (52, 7, 3, 2028), (21, 8, 3, 2028), (73, 9, 3, 2028), (86, 10, 3, 2028),
(24, 1, 4, 2028), (91, 2, 4, 2028), (15, 3, 4, 2028), (79, 4, 4, 2028), (7, 5, 4, 2028), (33, 6, 4, 2028), (60, 7, 4, 2028), (42, 8, 4, 2028), (28, 9, 4, 2028), (10, 10, 4, 2028),
(47, 1, 5, 2028), (97, 2, 5, 2028), (72, 3, 5, 2028), (50, 4, 5, 2028), (85, 5, 5, 2028), (14, 6, 5, 2028), (20, 7, 5, 2028), (82, 8, 5, 2028), (56, 9, 5, 2028), (3, 10, 5, 2028),
(31, 1, 6, 2028), (32, 2, 6, 2028), (98, 3, 6, 2028), (71, 4, 6, 2028), (30, 5, 6, 2028), (17, 6, 6, 2028), (75, 7, 6, 2028), (12, 8, 6, 2028), (29, 9, 6, 2028), (84, 10, 6, 2028),
(19, 1, 7, 2028), (38, 2, 7, 2028), (68, 3, 7, 2028), (25, 4, 7, 2028), (87, 5, 7, 2028), (44, 6, 7, 2028), (70, 7, 7, 2028), (78, 8, 7, 2028), (63, 9, 7, 2028), (41, 10, 7, 2028),
(61, 1, 8, 2028), (80, 2, 8, 2028), (65, 3, 8, 2028), (53, 4, 8, 2028), (45, 5, 8, 2028), (27, 6, 8, 2028), (66, 7, 8, 2028), (5, 8, 8, 2028), (22, 9, 8, 2028), (92, 10, 8, 2028),
(49, 1, 9, 2028), (16, 2, 9, 2028), (36, 3, 9, 2028), (55, 4, 9, 2028), (83, 5, 9, 2028), (39, 6, 9, 2028), (94, 7, 9, 2028), (96, 8, 9, 2028), (51, 9, 9, 2028), (1, 10, 9, 2028),
(54, 1, 10, 2028), (4, 2, 10, 2028), (37, 3, 10, 2028), (89, 4, 10, 2028), (69, 5, 10, 2028), (3, 6, 10, 2028), (10, 7, 10, 2028), (62, 8, 10, 2028), (91, 9, 10, 2028), (68, 10, 10, 2028),
-- Year 2029
(98, 1, 1, 2029), (14, 2, 1, 2029), (23, 3, 1, 2029), (61, 4, 1, 2029), (87, 5, 1, 2029), (12, 6, 1, 2029), (75, 7, 1, 2029), (40, 8, 1, 2029), (29, 9, 1, 2029), (92, 10, 1, 2029),
(60, 1, 2, 2029), (11, 2, 2, 2029), (45, 3, 2, 2029), (57, 4, 2, 2029), (84, 5, 2, 2029), (15, 6, 2, 2029), (36, 7, 2, 2029), (89, 8, 2, 2029), (9, 9, 2, 2029), (74, 10, 2, 2029),
(33, 1, 3, 2029), (102, 2, 3, 2029), (5, 3, 3, 2029), (62, 4, 3, 2029), (86, 5, 3, 2029), (19, 6, 3, 2029), (42, 7, 3, 2029), (58, 8, 3, 2029), (69, 9, 3, 2029), (27, 10, 3, 2029),
(6, 1, 4, 2029), (70, 2, 4, 2029), (43, 3, 4, 2029), (90, 4, 4, 2029), (108, 5, 4, 2029), (46, 6, 4, 2029), (88, 7, 4, 2029), (17, 8, 4, 2029), (72, 9, 4, 2029), (97, 10, 4, 2029),
(54, 1, 5, 2029), (21, 2, 5, 2029), (83, 3, 5, 2029), (64, 4, 5, 2029), (24, 5, 5, 2029), (79, 6, 5, 2029), (38, 7, 5, 2029), (78, 8, 5, 2029), (25, 9, 5, 2029), (71, 10, 5, 2029),
(13, 1, 6, 2029), (59, 2, 6, 2029), (85, 3, 6, 2029), (39, 4, 6, 2029), (49, 5, 6, 2029), (26, 6, 6, 2029), (50, 7, 6, 2029), (22, 8, 6, 2029), (82, 9, 6, 2029), (1, 10, 6, 2029),
(44, 1, 7, 2029), (65, 2, 7, 2029), (28, 3, 7, 2029), (56, 4, 7, 2029), (91, 5, 7, 2029), (67, 6, 7, 2029), (16, 7, 7, 2029), (66, 8, 7, 2029), (81, 9, 7, 2029), (32, 10, 7, 2029),
(3, 1, 8, 2029), (34, 2, 8, 2029), (30, 3, 8, 2029), (63, 4, 8, 2029), (108, 5, 8, 2029), (104, 6, 8, 2029), (94, 7, 8, 2029), (10, 8, 8, 2029), (55, 9, 8, 2029), (95, 10, 8, 2029),
(4, 1, 9, 2029), (68, 2, 9, 2029), (80, 3, 9, 2029), (41, 4, 9, 2029), (20, 5, 9, 2029), (53, 6, 9, 2029), (37, 7, 9, 2029), (96, 8, 9, 2029), (7, 9, 9, 2029), (50, 10, 9, 2029),
(18, 1, 10, 2029), (76, 2, 10, 2029), (2, 3, 10, 2029), (23, 4, 10, 2029), (8, 5, 10, 2029), (75, 6, 10, 2029), (52, 7, 10, 2029), (22, 8, 10, 2029), (72, 9, 10, 2029), (78, 10, 10, 2029),
-- Year 2030
(61, 1, 1, 2030), (45, 2, 1, 2030), (78, 3, 1, 2030), (93, 4, 1, 2030), (22, 5, 1, 2030), (57, 6, 1, 2030), (35, 7, 1, 2030), (84, 8, 1, 2030), (14, 9, 1, 2030), (68, 10, 1, 2030),
(72, 1, 2, 2030), (28, 2, 2, 2030), (8, 3, 2, 2030), (41, 4, 2, 2030), (60, 5, 2, 2030), (97, 6, 2, 2030), (49, 7, 2, 2030), (89, 8, 2, 2030), (70, 9, 2, 2030), (1, 10, 2, 2030),
(29, 1, 3, 2030), (90, 2, 3, 2030), (19, 3, 3, 2030), (54, 4, 3, 2030), (85, 5, 3, 2030), (25, 6, 3, 2030), (104, 7, 3, 2030), (6, 8, 3, 2030), (36, 9, 3, 2030), (48, 10, 3, 2030),
(38, 1, 4, 2030), (86, 2, 4, 2030), (24, 3, 4, 2030), (71, 4, 4, 2030), (13, 5, 4, 2030), (64, 6, 4, 2030), (11, 7, 4, 2030), (77, 8, 4, 2030), (30, 9, 4, 2030), (55, 10, 4, 2030),
(43, 1, 5, 2030), (91, 2, 5, 2030), (23, 3, 5, 2030), (82, 4, 5, 2030), (5, 5, 5, 2030), (69, 6, 5, 2030), (98, 7, 5, 2030), (56, 8, 5, 2030), (18, 9, 5, 2030), (46, 10, 5, 2030),
(31, 1, 6, 2030), (67, 2, 6, 2030), (37, 3, 6, 2030), (79, 4, 6, 2030), (15, 5, 6, 2030), (88, 6, 6, 2030), (2, 7, 6, 2030), (58, 8, 6, 2030), (83, 9, 6, 2030), (33, 10, 6, 2030),
(81, 1, 7, 2030), (50, 2, 7, 2030), (40, 3, 7, 2030), (17, 4, 7, 2030), (73, 5, 7, 2030), (94, 6, 7, 2030), (12, 7, 7, 2030), (53, 8, 7, 2030), (9, 9, 7, 2030), (32, 10, 7, 2030),
(39, 1, 8, 2030), (65, 2, 8, 2030), (66, 3, 8, 2030), (7, 4, 8, 2030), (92, 5, 8, 2030), (16, 6, 8, 2030), (62, 7, 8, 2030), (63, 8, 8, 2030), (27, 9, 8, 2030), (52, 10, 8, 2030),
(26, 1, 9, 2030), (59, 2, 9, 2030), (80, 3, 9, 2030), (99, 4, 9, 2030), (42, 5, 9, 2030), (95, 6, 9, 2030), (34, 7, 9, 2030), (20, 8, 9, 2030), (75, 9, 9, 2030), (47, 10, 9, 2030),
(21, 1, 10, 2030), (74, 2, 10, 2030), (4, 3, 10, 2030), (51, 4, 10, 2030), (3, 5, 10, 2030), (96, 6, 10, 2030), (87, 7, 10, 2030), (10, 8, 10, 2030), (25, 9, 10, 2030), (68, 10, 10, 2030),
-- Year 2031
(23, 1, 1, 2031), (46, 2, 1, 2031), (88, 3, 1, 2031), (22, 4, 1, 2031), (56, 5, 1, 2031), (34, 6, 1, 2031), (78, 7, 1, 2031), (55, 8, 1, 2031), (99, 9, 1, 2031), (11, 10, 1, 2031),
(92, 1, 2, 2031), (65, 2, 2, 2031), (87, 3, 2, 2031), (38, 4, 2, 2031), (52, 5, 2, 2031), (33, 6, 2, 2031), (24, 7, 2, 2031), (76, 8, 2, 2031), (100, 9, 2, 2031), (59, 10, 2, 2031),
(81, 1, 3, 2031), (6, 2, 3, 2031), (97, 3, 3, 2031), (43, 4, 3, 2031), (49, 5, 3, 2031), (26, 6, 3, 2031), (73, 7, 3, 2031), (17, 8, 3, 2031), (30, 9, 3, 2031), (84, 10, 3, 2031),
(29, 1, 4, 2031), (64, 2, 4, 2031), (88, 3, 4, 2031), (39, 4, 4, 2031), (50, 5, 4, 2031), (74, 6, 4, 2031), (4, 7, 4, 2031), (20, 8, 4, 2031), (93, 9, 4, 2031), (27, 10, 4, 2031),
(63, 1, 5, 2031), (82, 2, 5, 2031), (15, 3, 5, 2031), (57, 4, 5, 2031), (98, 5, 5, 2031), (8, 6, 5, 2031), (44, 7, 5, 2031), (72, 8, 5, 2031), (14, 9, 5, 2031), (58, 10, 5, 2031),
(83, 1, 6, 2031), (21, 2, 6, 2031), (36, 3, 6, 2031), (77, 4, 6, 2031), (9, 5, 6, 2031), (47, 6, 6, 2031), (86, 7, 6, 2031), (16, 8, 6, 2031), (48, 9, 6, 2031), (79, 10, 6, 2031),
(35, 1, 7, 2031), (56, 2, 7, 2031), (85, 3, 7, 2031), (22, 4, 7, 2031), (53, 5, 7, 2031), (91, 6, 7, 2031), (2, 7, 7, 2031), (46, 8, 7, 2031), (75, 9, 7, 2031), (13, 10, 7, 2031),
(54, 1, 8, 2031), (94, 2, 8, 2031), (5, 3, 8, 2031), (42, 4, 8, 2031), (70, 5, 8, 2031), (32, 6, 8, 2031), (60, 7, 8, 2031), (90, 8, 8, 2031), (18, 9, 8, 2031), (40, 10, 8, 2031),
(71, 1, 9, 2031), (3, 2, 9, 2031), (28, 3, 9, 2031), (95, 4, 9, 2031), (7, 5, 9, 2031), (41, 6, 9, 2031), (61, 7, 9, 2031), (19, 8, 9, 2031), (31, 9, 9, 2031), (68, 10, 9, 2031),
(37, 1, 10, 2031), (62, 2, 10, 2031), (96, 3, 10, 2031), (10, 4, 10, 2031), (25, 5, 10, 2031), (80, 6, 10, 2031), (3, 7, 10, 2031), (66, 8, 10, 2031), (69, 9, 10, 2031), (51, 10, 10, 2031);

#========================= 1 ================================#
INSERT INTO grades (judge_cook_id, part_cook_id, serial_number, contest_year, grade)
VALUES
(89, 11, 1, 2024, 3),
(45, 11, 1, 2024, 4),
(103, 11, 1, 2024, 2),
(103, 22, 1, 2024, 5),
(89, 22, 1, 2024, 1),
(45, 22, 1, 2024, 3),
(103, 23, 1, 2024, 4),
(89, 23, 1, 2024, 2),
(45, 23, 1, 2024, 5),
(103, 34, 1, 2024, 3),
(89, 34, 1, 2024, 1),
(45, 34, 1, 2024, 4),
(103, 46, 1, 2024, 2),
(89, 46, 1, 2024, 5),
(45, 46, 1, 2024, 3),
(103, 55, 1, 2024, 1),
(89, 55, 1, 2024, 4),
(45, 55, 1, 2024, 2),
(103, 56, 1, 2024, 5),
(89, 56, 1, 2024, 3),
(45, 56, 1, 2024, 1),
(103, 78, 1, 2024, 4),
(89, 78, 1, 2024, 2),
(45, 78, 1, 2024, 5),
(103, 88, 1, 2024, 3),
(89, 88, 1, 2024, 1),
(45, 88, 1, 2024, 4),
(45, 99, 1, 2024, 2),
(103, 99, 1, 2024, 5),
(89, 99, 1, 2024, 3),
(67, 24, 2, 2024, 4),
(34, 24, 2, 2024, 2),
(12, 24, 2, 2024, 5),
(12, 33, 2, 2024, 3),
(67, 33, 2, 2024, 1),
(34, 33, 2, 2024, 4),
(12, 38, 2, 2024, 2),
(67, 38, 2, 2024, 5),
(34, 38, 2, 2024, 3),
(12, 52, 2, 2024, 4),
(67, 52, 2, 2024, 2),
(34, 52, 2, 2024, 5),
(12, 59, 2, 2024, 3),
(67, 59, 2, 2024, 1),
(34, 59, 2, 2024, 4),
(12, 65, 2, 2024, 5),
(67, 65, 2, 2024, 3),
(34, 65, 2, 2024, 2),
(12, 76, 2, 2024, 4),
(67, 76, 2, 2024, 5),
(34, 76, 2, 2024, 1),
(12, 87, 2, 2024, 2),
(67, 87, 2, 2024, 4),
(34, 87, 2, 2024, 1),
(12, 92, 2, 2024, 5),
(67, 92, 2, 2024, 3),
(34, 92, 2, 2024, 2),
(12, 100, 2, 2024, 4),
(67, 100, 2, 2024, 1),
(34, 100, 2, 2024, 5),
(55, 6, 3, 2024, 3),
(99, 6, 3, 2024, 1),
(78, 6, 3, 2024, 4),
(55, 17, 3, 2024, 2),
(99, 17, 3, 2024, 5),
(78, 17, 3, 2024, 3),
(55, 26, 3, 2024, 1),
(99, 26, 3, 2024, 4),
(78, 26, 3, 2024, 2),
(55, 30, 3, 2024, 5),
(99, 30, 3, 2024, 3),
(78, 30, 3, 2024, 2),
(55, 43, 3, 2024, 4),
(99, 43, 3, 2024, 1),
(78, 43, 3, 2024, 5),
(55, 49, 3, 2024, 2),
(99, 49, 3, 2024, 4),
(78, 49, 3, 2024, 3),
(55, 73, 3, 2024, 1),
(99, 73, 3, 2024, 5),
(78, 73, 3, 2024, 2),
(78, 81, 3, 2024, 3),
(55, 81, 3, 2024, 4),
(99, 81, 3, 2024, 2),
(78, 84, 3, 2024, 5),
(55, 84, 3, 2024, 3),
(99, 84, 3, 2024, 1),
(78, 97, 3, 2024, 4),
(55, 97, 3, 2024, 2),
(99, 97, 3, 2024, 5);

#==================================== 2 ==========================================#
INSERT INTO grades (judge_cook_id, part_cook_id, serial_number, contest_year, grade)
VALUES
(65, 4, 4, 2024, 3),
(11, 4, 4, 2024, 4),
(101, 4, 4, 2024, 2),
(101, 20, 4, 2024, 5),
(65, 20, 4, 2024, 1),
(11, 20, 4, 2024, 3),
(101, 27, 4, 2024, 4),
(65, 27, 4, 2024, 2),
(11, 27, 4, 2024, 5),
(101, 29, 4, 2024, 3),
(65, 29, 4, 2024, 1),
(11, 29, 4, 2024, 4),
(101, 39, 4, 2024, 2),
(65, 39, 4, 2024, 5),
(11, 39, 4, 2024, 3),
(11, 50, 4, 2024, 4),
(101, 50, 4, 2024, 1),
(65, 50, 4, 2024, 5),
(11, 64, 4, 2024, 2),
(101, 64, 4, 2024, 3),
(65, 64, 4, 2024, 4),
(11, 74, 4, 2024, 5),
(101, 74, 4, 2024, 3),
(65, 74, 4, 2024, 2),
(11, 88, 4, 2024, 1),
(101, 88, 4, 2024, 4),
(65, 88, 4, 2024, 3),
(11, 93, 4, 2024, 5),
(101, 93, 4, 2024, 2),
(65, 93, 4, 2024, 4),
(38, 8, 5, 2024, 1),
(52, 8, 5, 2024, 4),
(87, 8, 5, 2024, 2),
(52, 14, 5, 2024, 3),
(87, 14, 5, 2024, 5),
(38, 14, 5, 2024, 2),
(52, 15, 5, 2024, 4),
(87, 15, 5, 2024, 1),
(38, 15, 5, 2024, 3),
(52, 44, 5, 2024, 2),
(87, 44, 5, 2024, 5),
(38, 44, 5, 2024, 3),
(52, 57, 5, 2024, 4),
(87, 57, 5, 2024, 1),
(38, 57, 5, 2024, 5),
(52, 58, 5, 2024, 3),
(87, 58, 5, 2024, 2),
(38, 58, 5, 2024, 4),
(52, 63, 5, 2024, 2),
(87, 63, 5, 2024, 5),
(38, 63, 5, 2024, 1),
(38, 72, 5, 2024, 3),
(52, 72, 5, 2024, 4),
(87, 72, 5, 2024, 1),
(38, 82, 5, 2024, 2),
(52, 82, 5, 2024, 5),
(87, 82, 5, 2024, 4),
(38, 98, 5, 2024, 1),
(52, 98, 5, 2024, 3),
(87, 98, 5, 2024, 5),
(24, 9, 6, 2024, 4),
(33, 9, 6, 2024, 2),
(76, 9, 6, 2024, 5),
(24, 16, 6, 2024, 3),
(33, 16, 6, 2024, 1),
(76, 16, 6, 2024, 4),
(24, 21, 6, 2024, 2),
(33, 21, 6, 2024, 5),
(76, 21, 6, 2024, 1),
(24, 36, 6, 2024, 4),
(33, 36, 6, 2024, 3),
(76, 36, 6, 2024, 2),
(24, 47, 6, 2024, 1),
(33, 47, 6, 2024, 5),
(76, 47, 6, 2024, 3),
(76, 48, 6, 2024, 2),
(24, 48, 6, 2024, 4),
(33, 48, 6, 2024, 1),
(76, 77, 6, 2024, 3),
(24, 77, 6, 2024, 5),
(33, 77, 6, 2024, 2),
(33, 79, 6, 2024, 1),
(76, 79, 6, 2024, 4),
(24, 79, 6, 2024, 3),
(33, 83, 6, 2024, 5),
(76, 83, 6, 2024, 2),
(24, 83, 6, 2024, 4),
(33, 86, 6, 2024, 3),
(76, 86, 6, 2024, 1),
(24, 86, 6, 2024, 5);

#================================= 3 ==================================#

INSERT INTO grades (judge_cook_id, part_cook_id, serial_number, contest_year, grade)
VALUES
(81, 2, 7, 2024, 3),
(100, 2, 7, 2024, 4),
(59, 2, 7, 2024, 2),
(81, 13, 7, 2024, 5),
(100, 13, 7, 2024, 1),
(59, 13, 7, 2024, 3),
(81, 22, 7, 2024, 4),
(100, 22, 7, 2024, 2),
(59, 22, 7, 2024, 5),
(81, 35, 7, 2024, 3),
(100, 35, 7, 2024, 1),
(59, 35, 7, 2024, 4),
(81, 46, 7, 2024, 5),
(100, 46, 7, 2024, 3),
(59, 46, 7, 2024, 2),
(81, 53, 7, 2024, 4),
(100, 53, 7, 2024, 1),
(59, 53, 7, 2024, 5),
(81, 56, 7, 2024, 2),
(100, 56, 7, 2024, 3),
(59, 56, 7, 2024, 4),
(59, 75, 7, 2024, 1),
(81, 75, 7, 2024, 4),
(100, 75, 7, 2024, 2),
(59, 85, 7, 2024, 3),
(81, 85, 7, 2024, 5),
(100, 85, 7, 2024, 1),
(59, 91, 7, 2024, 2),
(81, 91, 7, 2024, 4),
(100, 91, 7, 2024, 3),
(6, 5, 8, 2024, 5),
(97, 5, 8, 2024, 2),
(43, 5, 8, 2024, 4),
(6, 18, 8, 2024, 3),
(97, 18, 8, 2024, 1),
(43, 18, 8, 2024, 5),
(6, 32, 8, 2024, 2),
(97, 32, 8, 2024, 4),
(43, 32, 8, 2024, 1),
(6, 40, 8, 2024, 3),
(97, 40, 8, 2024, 5),
(43, 40, 8, 2024, 2),
(6, 42, 8, 2024, 4),
(97, 42, 8, 2024, 1),
(43, 42, 8, 2024, 3),
(6, 54, 8, 2024, 2),
(97, 54, 8, 2024, 5),
(43, 54, 8, 2024, 3),
(6, 60, 8, 2024, 4),
(97, 60, 8, 2024, 1),
(43, 60, 8, 2024, 5),
(43, 70, 8, 2024, 1),
(6, 70, 8, 2024, 3),
(97, 70, 8, 2024, 5),
(43, 90, 8, 2024, 2),
(6, 90, 8, 2024, 4),
(97, 90, 8, 2024, 1),
(43, 94, 8, 2024, 3),
(6, 94, 8, 2024, 5),
(97, 94, 8, 2024, 2),
(103, 3, 9, 2024, 4),
(49, 3, 9, 2024, 1),
(73, 3, 9, 2024, 5),
(73, 7, 9, 2024, 2),
(103, 7, 9, 2024, 4),
(49, 7, 9, 2024, 3),
(73, 19, 9, 2024, 1),
(103, 19, 9, 2024, 5),
(49, 19, 9, 2024, 2),
(73, 28, 9, 2024, 4),
(103, 28, 9, 2024, 1),
(49, 28, 9, 2024, 3),
(73, 31, 9, 2024, 2),
(103, 31, 9, 2024, 5),
(49, 31, 9, 2024, 4),
(73, 41, 9, 2024, 3),
(103, 41, 9, 2024, 2),
(49, 41, 9, 2024, 5),
(73, 61, 9, 2024, 4),
(103, 61, 9, 2024, 3),
(49, 61, 9, 2024, 2),
(73, 68, 9, 2024, 1),
(103, 68, 9, 2024, 5),
(49, 68, 9, 2024, 3),
(73, 71, 9, 2024, 4),
(103, 71, 9, 2024, 1),
(49, 71, 9, 2024, 5),
(49, 95, 9, 2024, 2),
(73, 95, 9, 2024, 5),
(103, 95, 9, 2024, 1);

#============================= 4 ======================#

INSERT INTO grades (judge_cook_id, part_cook_id, serial_number, contest_year, grade)
VALUES
(17, 1, 10, 2024, 3),
(107, 1, 10, 2024, 4),
(30, 1, 10, 2024, 2),
(17, 10, 10, 2024, 5),
(107, 10, 10, 2024, 1),
(30, 10, 10, 2024, 3),
(17, 25, 10, 2024, 4),
(107, 25, 10, 2024, 2),
(30, 25, 10, 2024, 5),
(30, 37, 10, 2024, 3),
(17, 37, 10, 2024, 1),
(107, 37, 10, 2024, 4),
(30, 51, 10, 2024, 5),
(17, 51, 10, 2024, 3),
(107, 51, 10, 2024, 2),
(30, 62, 10, 2024, 4),
(17, 62, 10, 2024, 1),
(107, 62, 10, 2024, 5),
(30, 66, 10, 2024, 2),
(17, 66, 10, 2024, 4),
(107, 66, 10, 2024, 3),
(107, 69, 10, 2024, 5),
(30, 69, 10, 2024, 1),
(17, 69, 10, 2024, 3),
(107, 80, 10, 2024, 2),
(30, 80, 10, 2024, 4),
(17, 80, 10, 2024, 5),
(17, 96, 10, 2024, 1),
(107, 96, 10, 2024, 3),
(30, 96, 10, 2024, 2),
(115, 8, 1, 2025, 4),
(29, 8, 1, 2025, 1),
(107, 8, 1, 2025, 5),
(115, 17, 1, 2025, 3),
(29, 17, 1, 2025, 2),
(107, 17, 1, 2025, 4),
(115, 28, 1, 2025, 5),
(29, 28, 1, 2025, 3),
(107, 28, 1, 2025, 2),
(115, 34, 1, 2025, 4),
(29, 34, 1, 2025, 5),
(107, 34, 1, 2025, 1),
(115, 36, 1, 2025, 3),
(29, 36, 1, 2025, 2),
(107, 36, 1, 2025, 4),
(115, 39, 1, 2025, 2),
(29, 39, 1, 2025, 4),
(107, 39, 1, 2025, 3),
(115, 55, 1, 2025, 5),
(29, 55, 1, 2025, 1),
(107, 55, 1, 2025, 3),
(115, 74, 1, 2025, 4),
(29, 74, 1, 2025, 5),
(107, 74, 1, 2025, 2),
(115, 84, 1, 2025, 1),
(29, 84, 1, 2025, 4),
(107, 84, 1, 2025, 3),
(115, 98, 1, 2025, 5),
(29, 98, 1, 2025, 2),
(107, 98, 1, 2025, 1),
(50, 21, 2, 2025, 3),
(39, 21, 2, 2025, 5),
(74, 21, 2, 2025, 2),
(50, 23, 2, 2025, 4),
(39, 23, 2, 2025, 1),
(74, 23, 2, 2025, 5),
(50, 41, 2, 2025, 2),
(39, 41, 2, 2025, 4),
(74, 41, 2, 2025, 3),
(50, 47, 2, 2025, 1),
(39, 47, 2, 2025, 5),
(74, 47, 2, 2025, 2),
(50, 53, 2, 2025, 4),
(39, 53, 2, 2025, 1),
(74, 53, 2, 2025, 3),
(50, 57, 2, 2025, 5),
(39, 57, 2, 2025, 3),
(74, 57, 2, 2025, 2),
(50, 64, 2, 2025, 1),
(39, 64, 2, 2025, 4),
(74, 64, 2, 2025, 5),
(74, 67, 2, 2025, 2),
(50, 67, 2, 2025, 3),
(39, 67, 2, 2025, 5),
(74, 90, 2, 2025, 4),
(50, 90, 2, 2025, 2),
(39, 90, 2, 2025, 1),
(74, 92, 2, 2025, 5),
(50, 92, 2, 2025, 4),
(39, 92, 2, 2025, 3);

#========================= 5 ============================#

INSERT INTO grades (judge_cook_id, part_cook_id, serial_number, contest_year, grade)
VALUES
(4, 7, 3, 2025, 3),
(93, 7, 3, 2025, 4),
(20, 7, 3, 2025, 2),
(20, 14, 3, 2025, 5),
(4, 14, 3, 2025, 1),
(93, 14, 3, 2025, 3),
(20, 27, 3, 2025, 4),
(4, 27, 3, 2025, 2),
(93, 27, 3, 2025, 5),
(20, 30, 3, 2025, 1),
(4, 30, 3, 2025, 3),
(93, 30, 3, 2025, 2),
(20, 38, 3, 2025, 4),
(4, 38, 3, 2025, 5),
(93, 38, 3, 2025, 1),
(20, 49, 3, 2025, 2),
(4, 49, 3, 2025, 4),
(93, 49, 3, 2025, 3),
(20, 59, 3, 2025, 5),
(4, 59, 3, 2025, 1),
(93, 59, 3, 2025, 2),
(4, 75, 3, 2025, 4),
(93, 75, 3, 2025, 5),
(20, 75, 3, 2025, 3),
(4, 88, 3, 2025, 2),
(93, 88, 3, 2025, 4),
(20, 88, 3, 2025, 5),
(4, 102, 3, 2025, 1),
(93, 102, 3, 2025, 3),
(20, 102, 3, 2025, 4),
(27, 1, 4, 2025, 5),
(103, 1, 4, 2025, 2),
(82, 1, 4, 2025, 4),
(27, 4, 4, 2025, 3),
(103, 4, 4, 2025, 1),
(82, 4, 4, 2025, 5),
(27, 26, 4, 2025, 2),
(103, 26, 4, 2025, 4),
(82, 26, 4, 2025, 1),
(27, 35, 4, 2025, 5),
(103, 35, 4, 2025, 3),
(82, 35, 4, 2025, 2),
(27, 56, 4, 2025, 4),
(103, 56, 4, 2025, 1),
(82, 56, 4, 2025, 3),
(27, 63, 4, 2025, 5),
(103, 63, 4, 2025, 2),
(82, 63, 4, 2025, 1),
(27, 66, 4, 2025, 4),
(103, 66, 4, 2025, 3),
(82, 66, 4, 2025, 5),
(27, 72, 4, 2025, 1),
(103, 72, 4, 2025, 4),
(82, 72, 4, 2025, 2),
(27, 83, 4, 2025, 5),
(103, 83, 4, 2025, 2),
(82, 83, 4, 2025, 3),
(27, 93, 4, 2025, 4),
(103, 93, 4, 2025, 1),
(82, 93, 4, 2025, 5),
(57, 6, 5, 2025, 2),
(15, 6, 5, 2025, 3),
(98, 6, 5, 2025, 4),
(15, 12, 5, 2025, 1),
(98, 12, 5, 2025, 5),
(57, 12, 5, 2025, 2),
(15, 18, 5, 2025, 3),
(98, 18, 5, 2025, 4),
(57, 18, 5, 2025, 1),
(15, 29, 5, 2025, 5),
(98, 29, 5, 2025, 2),
(57, 29, 5, 2025, 3),
(15, 44, 5, 2025, 4),
(98, 44, 5, 2025, 1),
(57, 44, 5, 2025, 5),
(15, 45, 5, 2025, 2),
(98, 45, 5, 2025, 3),
(57, 45, 5, 2025, 4),
(15, 61, 5, 2025, 1),
(98, 61, 5, 2025, 5),
(57, 61, 5, 2025, 2),
(15, 70, 5, 2025, 3),
(98, 70, 5, 2025, 4),
(57, 70, 5, 2025, 1),
(15, 85, 5, 2025, 5),
(98, 85, 5, 2025, 2),
(57, 85, 5, 2025, 3),
(15, 91, 5, 2025, 4),
(98, 91, 5, 2025, 1),
(57, 91, 5, 2025, 5);

#=================== 6 ===========================#

INSERT INTO grades (judge_cook_id, part_cook_id, serial_number, contest_year, grade)
VALUES
(44, 2, 6, 2025, 4),
(72, 2, 6, 2025, 2),
(8, 2, 6, 2025, 3),
(44, 11, 6, 2025, 5),
(72, 11, 6, 2025, 1),
(8, 11, 6, 2025, 4),
(44, 22, 6, 2025, 3),
(72, 22, 6, 2025, 5),
(8, 22, 6, 2025, 2),
(44, 32, 6, 2025, 1),
(72, 32, 6, 2025, 4),
(8, 32, 6, 2025, 3),
(44, 37, 6, 2025, 5),
(72, 37, 6, 2025, 2),
(8, 37, 6, 2025, 4),
(44, 48, 6, 2025, 3),
(72, 48, 6, 2025, 1),
(8, 48, 6, 2025, 5),
(44, 60, 6, 2025, 2),
(72, 60, 6, 2025, 4),
(8, 60, 6, 2025, 3),
(8, 69, 6, 2025, 5),
(44, 69, 6, 2025, 1),
(72, 69, 6, 2025, 2),
(8, 78, 6, 2025, 4),
(44, 78, 6, 2025, 3),
(72, 78, 6, 2025, 5),
(8, 99, 6, 2025, 2),
(44, 99, 6, 2025, 4),
(72, 99, 6, 2025, 3),
(83, 10, 7, 2025, 1),
(58, 10, 7, 2025, 5),
(101, 10, 7, 2025, 2),
(83, 16, 7, 2025, 4),
(58, 16, 7, 2025, 3),
(101, 16, 7, 2025, 1),
(83, 19, 7, 2025, 5),
(58, 19, 7, 2025, 2),
(101, 19, 7, 2025, 3),
(101, 25, 7, 2025, 4),
(83, 25, 7, 2025, 1),
(58, 25, 7, 2025, 5),
(101, 31, 7, 2025, 2),
(83, 31, 7, 2025, 3),
(58, 31, 7, 2025, 4),
(58, 46, 7, 2025, 1),
(101, 46, 7, 2025, 5),
(83, 46, 7, 2025, 2),
(58, 52, 7, 2025, 3),
(101, 52, 7, 2025, 4),
(83, 52, 7, 2025, 5),
(58, 79, 7, 2025, 2),
(101, 79, 7, 2025, 4),
(83, 79, 7, 2025, 3),
(58, 81, 7, 2025, 5),
(101, 81, 7, 2025, 1),
(83, 81, 7, 2025, 4),
(58, 89, 7, 2025, 3),
(101, 89, 7, 2025, 5),
(83, 89, 7, 2025, 2),
(21, 3, 8, 2025, 1),
(36, 3, 8, 2025, 3),
(77, 3, 8, 2025, 5),
(77, 24, 8, 2025, 2),
(21, 24, 8, 2025, 4),
(36, 24, 8, 2025, 1),
(77, 40, 8, 2025, 3),
(21, 40, 8, 2025, 5),
(36, 40, 8, 2025, 2),
(77, 50, 8, 2025, 1),
(21, 50, 8, 2025, 4),
(36, 50, 8, 2025, 3),
(77, 58, 8, 2025, 2),
(21, 58, 8, 2025, 5),
(36, 58, 8, 2025, 4),
(36, 65, 8, 2025, 1),
(77, 65, 8, 2025, 3),
(21, 65, 8, 2025, 2),
(36, 68, 8, 2025, 5),
(77, 68, 8, 2025, 1),
(21, 68, 8, 2025, 4),
(36, 71, 8, 2025, 2),
(77, 71, 8, 2025, 5),
(21, 71, 8, 2025, 3),
(36, 86, 8, 2025, 4),
(77, 86, 8, 2025, 1),
(21, 86, 8, 2025, 5),
(36, 95, 8, 2025, 3),
(77, 95, 8, 2025, 2),
(21, 95, 8, 2025, 4);

#==================== 7 =======================#

INSERT INTO grades (judge_cook_id, part_cook_id, serial_number, contest_year, grade)
VALUES
(47, 5, 9, 2025, 4),
(107, 5, 9, 2025, 2),
(9, 5, 9, 2025, 3),
(47, 13, 9, 2025, 5),
(107, 13, 9, 2025, 1),
(9, 13, 9, 2025, 4),
(47, 33, 9, 2025, 3),
(107, 33, 9, 2025, 5),
(9, 33, 9, 2025, 2),
(47, 42, 9, 2025, 1),
(107, 42, 9, 2025, 4),
(9, 42, 9, 2025, 3),
(47, 54, 9, 2025, 5),
(107, 54, 9, 2025, 2),
(9, 54, 9, 2025, 4),
(47, 62, 9, 2025, 3),
(107, 62, 9, 2025, 1),
(9, 62, 9, 2025, 5),
(47, 76, 9, 2025, 2),
(107, 76, 9, 2025, 4),
(9, 76, 9, 2025, 3),
(47, 77, 9, 2025, 4),
(107, 77, 9, 2025, 1),
(9, 77, 9, 2025, 5),
(47, 97, 9, 2025, 3),
(107, 97, 9, 2025, 5),
(9, 97, 9, 2025, 2),
(9, 102, 9, 2025, 1),
(47, 102, 9, 2025, 4),
(107, 102, 9, 2025, 3),
(16, 15, 10, 2025, 1),
(48, 15, 10, 2025, 5),
(79, 15, 10, 2025, 2),
(16, 17, 10, 2025, 4),
(48, 17, 10, 2025, 3),
(79, 17, 10, 2025, 1),
(16, 43, 10, 2025, 5),
(48, 43, 10, 2025, 2),
(79, 43, 10, 2025, 3),
(79, 51, 10, 2025, 4),
(16, 51, 10, 2025, 1),
(48, 51, 10, 2025, 5),
(79, 73, 10, 2025, 2),
(16, 73, 10, 2025, 3),
(48, 73, 10, 2025, 4),
(79, 74, 10, 2025, 5),
(16, 74, 10, 2025, 1),
(48, 74, 10, 2025, 4),
(79, 80, 10, 2025, 2),
(16, 80, 10, 2025, 5),
(48, 80, 10, 2025, 3),
(79, 82, 10, 2025, 4),
(16, 82, 10, 2025, 1),
(48, 82, 10, 2025, 5),
(79, 87, 10, 2025, 3),
(16, 87, 10, 2025, 2),
(48, 87, 10, 2025, 4),
(79, 100, 10, 2025, 5),
(16, 100, 10, 2025, 3),
(48, 100, 10, 2025, 2),
(85, 3, 1, 2026, 1),
(115, 3, 1, 2026, 5),
(56, 3, 1, 2026, 2),
(56, 7, 1, 2026, 4),
(85, 7, 1, 2026, 3),
(115, 7, 1, 2026, 1),
(56, 13, 1, 2026, 5),
(85, 13, 1, 2026, 2),
(115, 13, 1, 2026, 4),
(115, 22, 1, 2026, 3),
(56, 22, 1, 2026, 1),
(85, 22, 1, 2026, 5),
(115, 36, 1, 2026, 4),
(56, 36, 1, 2026, 2),
(85, 36, 1, 2026, 3),
(115, 40, 1, 2026, 5),
(56, 40, 1, 2026, 1),
(85, 40, 1, 2026, 4),
(115, 52, 1, 2026, 2),
(56, 52, 1, 2026, 5),
(85, 52, 1, 2026, 3),
(115, 79, 1, 2026, 4),
(56, 79, 1, 2026, 2),
(85, 79, 1, 2026, 5),
(115, 89, 1, 2026, 3),
(56, 89, 1, 2026, 4),
(85, 89, 1, 2026, 1),
(115, 90, 1, 2026, 5),
(56, 90, 1, 2026, 3),
(85, 90, 1, 2026, 2);

#============================== 8 =============================#

INSERT INTO grades (judge_cook_id, part_cook_id, serial_number, contest_year, grade)
VALUES
(53, 6, 2, 2026, 4),
(22, 6, 2, 2026, 2),
(91, 6, 2, 2026, 5),
(53, 15, 2, 2026, 3),
(22, 15, 2, 2026, 1),
(91, 15, 2, 2026, 4),
(53, 26, 2, 2026, 2),
(22, 26, 2, 2026, 5),
(91, 26, 2, 2026, 3),
(53, 44, 2, 2026, 1),
(22, 44, 2, 2026, 4),
(91, 44, 2, 2026, 2),
(53, 55, 2, 2026, 5),
(22, 55, 2, 2026, 3),
(91, 55, 2, 2026, 1),
(91, 62, 2, 2026, 4),
(53, 62, 2, 2026, 2),
(22, 62, 2, 2026, 3),
(91, 68, 2, 2026, 5),
(53, 68, 2, 2026, 1),
(22, 68, 2, 2026, 4),
(91, 73, 2, 2026, 3),
(53, 73, 2, 2026, 2),
(22, 73, 2, 2026, 1),
(91, 80, 2, 2026, 4),
(53, 80, 2, 2026, 5),
(22, 80, 2, 2026, 3),
(22, 98, 2, 2026, 1),
(91, 98, 2, 2026, 4),
(53, 98, 2, 2026, 2),
(2, 8, 3, 2026, 3),
(101, 8, 3, 2026, 4),
(75, 8, 3, 2026, 2),
(2, 17, 3, 2026, 5),
(101, 17, 3, 2026, 1),
(75, 17, 3, 2026, 3),
(2, 24, 3, 2026, 2),
(101, 24, 3, 2026, 4),
(75, 24, 3, 2026, 5),
(2, 30, 3, 2026, 1),
(101, 30, 3, 2026, 3),
(75, 30, 3, 2026, 4),
(2, 33, 3, 2026, 2),
(101, 33, 3, 2026, 5),
(75, 33, 3, 2026, 1),
(2, 50, 3, 2026, 4),
(101, 50, 3, 2026, 2),
(75, 50, 3, 2026, 3),
(2, 59, 3, 2026, 5),
(101, 59, 3, 2026, 1),
(75, 59, 3, 2026, 2),
(2, 64, 3, 2026, 3),
(101, 64, 3, 2026, 4),
(75, 64, 3, 2026, 5),
(2, 78, 3, 2026, 1),
(101, 78, 3, 2026, 2),
(75, 78, 3, 2026, 3),
(75, 85, 3, 2026, 4),
(2, 85, 3, 2026, 5),
(101, 85, 3, 2026, 3),
(13, 2, 4, 2026, 2),
(54, 2, 4, 2026, 1),
(94, 2, 4, 2026, 5),
(13, 4, 4, 2026, 4),
(54, 4, 4, 2026, 3),
(94, 4, 4, 2026, 2),
(13, 5, 4, 2026, 1),
(54, 5, 4, 2026, 5),
(94, 5, 4, 2026, 4),
(94, 11, 4, 2026, 3),
(13, 11, 4, 2026, 2),
(54, 11, 4, 2026, 1),
(94, 28, 4, 2026, 4),
(13, 28, 4, 2026, 5),
(54, 28, 4, 2026, 3),
(94, 49, 4, 2026, 2),
(13, 49, 4, 2026, 1),
(54, 49, 4, 2026, 5),
(94, 61, 4, 2026, 3),
(13, 61, 4, 2026, 4),
(54, 61, 4, 2026, 2),
(94, 69, 4, 2026, 5),
(13, 69, 4, 2026, 3),
(54, 69, 4, 2026, 1),
(94, 93, 4, 2026, 2),
(13, 93, 4, 2026, 4),
(54, 93, 4, 2026, 3),
(13, 96, 4, 2026, 5),
(54, 96, 4, 2026, 2),
(94, 96, 4, 2026, 1);

#=========================== 9 ==========================#

INSERT INTO grades (judge_cook_id, part_cook_id, serial_number, contest_year, grade)
VALUES
(42, 10, 5, 2026, 3),
(70, 10, 5, 2026, 1),
(5, 10, 5, 2026, 4),
(42, 12, 5, 2026, 2),
(70, 12, 5, 2026, 5),
(5, 12, 5, 2026, 3),
(42, 18, 5, 2026, 1),
(70, 18, 5, 2026, 4),
(5, 18, 5, 2026, 2),
(5, 25, 5, 2026, 5),
(42, 25, 5, 2026, 3),
(70, 25, 5, 2026, 1),
(5, 38, 5, 2026, 2),
(42, 38, 5, 2026, 4),
(70, 38, 5, 2026, 5),
(5, 66, 5, 2026, 3),
(42, 66, 5, 2026, 1),
(70, 66, 5, 2026, 4),
(5, 71, 5, 2026, 2),
(42, 71, 5, 2026, 5),
(70, 71, 5, 2026, 3),
(5, 75, 5, 2026, 4),
(42, 75, 5, 2026, 1),
(70, 75, 5, 2026, 2),
(5, 81, 5, 2026, 3),
(42, 81, 5, 2026, 4),
(70, 81, 5, 2026, 5),
(70, 95, 5, 2026, 2),
(5, 95, 5, 2026, 1),
(42, 95, 5, 2026, 3),
(107, 1, 6, 2026, 4),
(32, 1, 6, 2026, 3),
(90, 1, 6, 2026, 5),
(107, 19, 6, 2026, 2),
(32, 19, 6, 2026, 1),
(90, 19, 6, 2026, 4),
(107, 21, 6, 2026, 5),
(32, 21, 6, 2026, 3),
(90, 21, 6, 2026, 2),
(90, 35, 6, 2026, 4),
(107, 35, 6, 2026, 1),
(32, 35, 6, 2026, 5),
(90, 43, 6, 2026, 3),
(107, 43, 6, 2026, 2),
(32, 43, 6, 2026, 4),
(32, 47, 6, 2026, 1),
(90, 47, 6, 2026, 3),
(107, 47, 6, 2026, 5),
(32, 53, 6, 2026, 4),
(90, 53, 6, 2026, 2),
(107, 53, 6, 2026, 1),
(32, 74, 6, 2026, 5),
(90, 74, 6, 2026, 3),
(107, 74, 6, 2026, 2),
(32, 76, 6, 2026, 1),
(90, 76, 6, 2026, 4),
(107, 76, 6, 2026, 5),
(107, 99, 6, 2026, 3),
(32, 99, 6, 2026, 5),
(90, 99, 6, 2026, 2),
(18, 32, 7, 2026, 1),
(40, 32, 7, 2026, 3),
(71, 32, 7, 2026, 2),
(18, 34, 7, 2026, 5),
(40, 34, 7, 2026, 4),
(71, 34, 7, 2026, 2),
(18, 41, 7, 2026, 3),
(40, 41, 7, 2026, 1),
(71, 41, 7, 2026, 5),
(18, 45, 7, 2026, 2),
(40, 45, 7, 2026, 3),
(71, 45, 7, 2026, 4),
(18, 58, 7, 2026, 1),
(40, 58, 7, 2026, 5),
(71, 58, 7, 2026, 3),
(71, 70, 7, 2026, 4),
(18, 70, 7, 2026, 5),
(40, 70, 7, 2026, 2),
(71, 77, 7, 2026, 1),
(18, 77, 7, 2026, 4),
(40, 77, 7, 2026, 3),
(71, 83, 7, 2026, 5),
(18, 83, 7, 2026, 2),
(40, 83, 7, 2026, 1),
(71, 84, 7, 2026, 3),
(18, 84, 7, 2026, 5),
(40, 84, 7, 2026, 2),
(71, 92, 7, 2026, 1),
(18, 92, 7, 2026, 3),
(40, 92, 7, 2026, 4);

#====================== 10 ==========================#

INSERT INTO grades (judge_cook_id, part_cook_id, serial_number, contest_year, grade)
VALUES 
(95, 9, 8, 2026, 3),
(28, 9, 8, 2026, 2),
(3, 9, 8, 2026, 4),
(3, 16, 8, 2026, 1),
(95, 16, 8, 2026, 5),
(28, 16, 8, 2026, 3),
(3, 20, 8, 2026, 2),
(95, 20, 8, 2026, 4),
(28, 20, 8, 2026, 5),
(3, 27, 8, 2026, 1),
(95, 27, 8, 2026, 3),
(28, 27, 8, 2026, 2),
(3, 37, 8, 2026, 4),
(95, 37, 8, 2026, 5),
(28, 37, 8, 2026, 3),
(28, 42, 8, 2026, 1),
(3, 42, 8, 2026, 5),
(95, 42, 8, 2026, 2),
(28, 48, 8, 2026, 3),
(3, 48, 8, 2026, 4),
(95, 48, 8, 2026, 1),
(28, 57, 8, 2026, 2),
(3, 57, 8, 2026, 5),
(95, 57, 8, 2026, 3),
(28, 65, 8, 2026, 4),
(3, 65, 8, 2026, 1),
(95, 65, 8, 2026, 2),
(95, 87, 8, 2026, 3),
(28, 87, 8, 2026, 4),
(3, 87, 8, 2026, 5),
(61, 14, 9, 2026, 1),
(41, 14, 9, 2026, 4),
(107, 14, 9, 2026, 3),
(107, 29, 9, 2026, 2),
(61, 29, 9, 2026, 5),
(41, 29, 9, 2026, 1),
(107, 31, 9, 2026, 4),
(61, 31, 9, 2026, 3),
(41, 31, 9, 2026, 2),
(107, 40, 9, 2026, 5),
(61, 40, 9, 2026, 1),
(41, 40, 9, 2026, 3),
(107, 51, 9, 2026, 2),
(61, 51, 9, 2026, 4),
(41, 51, 9, 2026, 5),
(41, 54, 9, 2026, 1),
(107, 54, 9, 2026, 3),
(61, 54, 9, 2026, 2),
(41, 56, 9, 2026, 4),
(107, 56, 9, 2026, 5),
(61, 56, 9, 2026, 1),
(41, 63, 9, 2026, 3),
(107, 63, 9, 2026, 2),
(61, 63, 9, 2026, 5),
(41, 67, 9, 2026, 1),
(107, 67, 9, 2026, 4),
(61, 67, 9, 2026, 3),
(41, 86, 9, 2026, 5),
(107, 86, 9, 2026, 1),
(61, 86, 9, 2026, 4),
(31, 13, 10, 2026, 3),
(68, 13, 10, 2026, 5),
(19, 13, 10, 2026, 2),
(31, 39, 10, 2026, 4),
(68, 39, 10, 2026, 1),
(19, 39, 10, 2026, 5),
(31, 46, 10, 2026, 2),
(68, 46, 10, 2026, 3),
(19, 46, 10, 2026, 1),
(31, 60, 10, 2026, 5),
(68, 60, 10, 2026, 4),
(19, 60, 10, 2026, 3),
(31, 72, 10, 2026, 2),
(68, 72, 10, 2026, 1),
(19, 72, 10, 2026, 4),
(19, 80, 10, 2026, 3),
(31, 80, 10, 2026, 2),
(68, 80, 10, 2026, 5),
(19, 82, 10, 2026, 1),
(31, 82, 10, 2026, 4),
(68, 82, 10, 2026, 3),
(68, 91, 10, 2026, 2),
(19, 91, 10, 2026, 5),
(31, 91, 10, 2026, 1),
(68, 94, 10, 2026, 4),
(19, 94, 10, 2026, 3),
(31, 94, 10, 2026, 2),
(68, 102, 10, 2026, 5),
(19, 102, 10, 2026, 1),
(31, 102, 10, 2026, 4);

#========================= 11 ===========================#

INSERT INTO grades (judge_cook_id, part_cook_id, serial_number, contest_year, grade) 
VALUES
(37, 4, 1, 2027, 3),
(62, 4, 1, 2027, 4),
(96, 4, 1, 2027, 2),
(37, 8, 1, 2027, 5),
(62, 8, 1, 2027, 1),
(96, 8, 1, 2027, 3),
(37, 15, 1, 2027, 2),
(62, 15, 1, 2027, 4),
(96, 15, 1, 2027, 5),
(37, 31, 1, 2027, 1),
(62, 31, 1, 2027, 5),
(96, 31, 1, 2027, 4),
(37, 48, 1, 2027, 3),
(62, 48, 1, 2027, 2),
(96, 48, 1, 2027, 1),
(96, 52, 1, 2027, 4),
(37, 52, 1, 2027, 5),
(62, 52, 1, 2027, 3),
(96, 59, 1, 2027, 2),
(37, 59, 1, 2027, 1),
(62, 59, 1, 2027, 5),
(96, 77, 1, 2027, 3),
(37, 77, 1, 2027, 4),
(62, 77, 1, 2027, 2),
(96, 93, 1, 2027, 5),
(37, 93, 1, 2027, 2),
(62, 93, 1, 2027, 1),
(62, 102, 1, 2027, 3),
(96, 102, 1, 2027, 4),
(37, 102, 1, 2027, 5),
(10, 5, 2, 2027, 4),
(80, 5, 2, 2027, 2),
(25, 5, 2, 2027, 3),
(25, 18, 2, 2027, 5),
(10, 18, 2, 2027, 1),
(80, 18, 2, 2027, 4),
(25, 29, 2, 2027, 2),
(10, 29, 2, 2027, 5),
(80, 29, 2, 2027, 3),
(25, 41, 2, 2027, 4),
(10, 41, 2, 2027, 2),
(80, 41, 2, 2027, 1),
(25, 43, 2, 2027, 3),
(10, 43, 2, 2027, 5),
(80, 43, 2, 2027, 4),
(25, 49, 2, 2027, 2),
(10, 49, 2, 2027, 4),
(80, 49, 2, 2027, 3),
(25, 66, 2, 2027, 1),
(10, 66, 2, 2027, 3),
(80, 66, 2, 2027, 5),
(25, 76, 2, 2027, 4),
(10, 76, 2, 2027, 2),
(80, 76, 2, 2027, 1),
(25, 79, 2, 2027, 5),
(10, 79, 2, 2027, 3),
(80, 79, 2, 2027, 4),
(80, 90, 2, 2027, 2),
(25, 90, 2, 2027, 1),
(10, 90, 2, 2027, 5),
(69, 11, 3, 2027, 3),
(1, 11, 3, 2027, 2),
(66, 11, 3, 2027, 4),
(69, 13, 3, 2027, 1),
(1, 13, 3, 2027, 5),
(66, 13, 3, 2027, 2),
(69, 22, 3, 2027, 4),
(1, 22, 3, 2027, 3),
(66, 22, 3, 2027, 1),
(66, 44, 3, 2027, 3),
(69, 44, 3, 2027, 5),
(1, 44, 3, 2027, 1),
(66, 53, 3, 2027, 4),
(69, 53, 3, 2027, 2),
(1, 53, 3, 2027, 5),
(1, 55, 3, 2027, 2),
(66, 55, 3, 2027, 4),
(69, 55, 3, 2027, 1),
(1, 68, 3, 2027, 3),
(66, 68, 3, 2027, 5),
(69, 68, 3, 2027, 2),
(1, 70, 3, 2027, 4),
(66, 70, 3, 2027, 1),
(69, 70, 3, 2027, 3),
(1, 84, 3, 2027, 2),
(66, 84, 3, 2027, 4),
(69, 84, 3, 2027, 5),
(1, 95, 3, 2027, 3),
(66, 95, 3, 2027, 1),
(69, 95, 3, 2027, 4);

#=========== 12 =======================#

INSERT INTO grades (judge_cook_id, part_cook_id, serial_number, contest_year, grade)
VALUES 
(39, 7, 4, 2027, 4),
(51, 7, 4, 2027, 3),
(74, 7, 4, 2027, 2),
(74, 19, 4, 2027, 5),
(39, 19, 4, 2027, 1),
(51, 19, 4, 2027, 3),
(74, 25, 4, 2027, 2),
(39, 25, 4, 2027, 4),
(51, 25, 4, 2027, 1),
(74, 33, 4, 2027, 3),
(39, 33, 4, 2027, 5),
(51, 33, 4, 2027, 2),
(74, 36, 4, 2027, 4),
(39, 36, 4, 2027, 2),
(51, 36, 4, 2027, 3),
(51, 38, 4, 2027, 5),
(74, 38, 4, 2027, 4),
(39, 38, 4, 2027, 1),
(51, 64, 4, 2027, 3),
(74, 64, 4, 2027, 2),
(39, 64, 4, 2027, 4),
(51, 87, 4, 2027, 5),
(74, 87, 4, 2027, 1),
(39, 87, 4, 2027, 2),
(51, 92, 4, 2027, 3),
(74, 92, 4, 2027, 4),
(39, 92, 4, 2027, 5),
(51, 99, 4, 2027, 4),
(74, 99, 4, 2027, 3),
(39, 99, 4, 2027, 2),
(98, 14, 5, 2027, 3),
(34, 14, 5, 2027, 2),
(55, 14, 5, 2027, 4),
(98, 20, 5, 2027, 5),
(34, 20, 5, 2027, 1),
(55, 20, 5, 2027, 3),
(98, 24, 5, 2027, 2),
(34, 24, 5, 2027, 5),
(55, 24, 5, 2027, 4),
(98, 42, 5, 2027, 3),
(34, 42, 5, 2027, 2),
(55, 42, 5, 2027, 4),
(98, 45, 5, 2027, 5),
(34, 45, 5, 2027, 3),
(55, 45, 5, 2027, 2),
(98, 46, 5, 2027, 4),
(34, 46, 5, 2027, 1),
(55, 46, 5, 2027, 5),
(98, 56, 5, 2027, 3),
(34, 56, 5, 2027, 4),
(55, 56, 5, 2027, 2),
(55, 69, 5, 2027, 5),
(98, 69, 5, 2027, 4),
(34, 69, 5, 2027, 3),
(55, 80, 5, 2027, 2),
(98, 80, 5, 2027, 1),
(34, 80, 5, 2027, 4),
(55, 89, 5, 2027, 3),
(98, 89, 5, 2027, 5),
(34, 89, 5, 2027, 2),
(107, 9, 6, 2027, 4),
(17, 9, 6, 2027, 3),
(8, 9, 6, 2027, 5),
(107, 23, 6, 2027, 2),
(17, 23, 6, 2027, 4),
(8, 23, 6, 2027, 1),
(107, 26, 6, 2027, 3),
(17, 26, 6, 2027, 2),
(8, 26, 6, 2027, 4),
(8, 30, 6, 2027, 5),
(107, 30, 6, 2027, 2),
(17, 30, 6, 2027, 3),
(8, 35, 6, 2027, 4),
(107, 35, 6, 2027, 1),
(17, 35, 6, 2027, 5),
(17, 47, 6, 2027, 3),
(8, 47, 6, 2027, 5),
(107, 47, 6, 2027, 4),
(17, 78, 6, 2027, 2),
(8, 78, 6, 2027, 4),
(107, 78, 6, 2027, 1),
(17, 86, 6, 2027, 4),
(8, 86, 6, 2027, 2),
(107, 86, 6, 2027, 5),
(17, 91, 6, 2027, 1),
(8, 91, 6, 2027, 3),
(107, 91, 6, 2027, 2),
(17, 98, 6, 2027, 5),
(8, 98, 6, 2027, 4),
(107, 98, 6, 2027, 3);

#============================ 13 ===================#

INSERT INTO grades (judge_cook_id, part_cook_id, serial_number, contest_year, grade)
VALUES 
(57, 3, 7, 2027, 3),
(84, 3, 7, 2027, 4),
(36, 3, 7, 2027, 2),
(57, 10, 7, 2027, 5),
(84, 10, 7, 2027, 1),
(36, 10, 7, 2027, 3),
(57, 17, 7, 2027, 4),
(84, 17, 7, 2027, 2),
(36, 17, 7, 2027, 5),
(57, 21, 7, 2027, 3),
(84, 21, 7, 2027, 2),
(36, 21, 7, 2027, 4),
(57, 28, 7, 2027, 1),
(84, 28, 7, 2027, 5),
(36, 28, 7, 2027, 3),
(57, 32, 7, 2027, 4),
(84, 32, 7, 2027, 2),
(36, 32, 7, 2027, 5),
(57, 50, 7, 2027, 3),
(84, 50, 7, 2027, 1),
(36, 50, 7, 2027, 4),
(36, 60, 7, 2027, 2),
(57, 60, 7, 2027, 5),
(84, 60, 7, 2027, 3),
(36, 67, 7, 2027, 4),
(57, 67, 7, 2027, 2),
(84, 67, 7, 2027, 3),
(36, 85, 7, 2027, 5),
(57, 85, 7, 2027, 1),
(84, 85, 7, 2027, 4),
(115, 1, 8, 2027, 3),
(64, 1, 8, 2027, 2),
(92, 1, 8, 2027, 4),
(115, 16, 8, 2027, 5),
(64, 16, 8, 2027, 1),
(92, 16, 8, 2027, 3),
(115, 27, 8, 2027, 4),
(64, 27, 8, 2027, 2),
(92, 27, 8, 2027, 5),
(115, 39, 8, 2027, 2),
(64, 39, 8, 2027, 4),
(92, 39, 8, 2027, 3),
(115, 57, 8, 2027, 5),
(64, 57, 8, 2027, 3),
(92, 57, 8, 2027, 4),
(115, 58, 8, 2027, 1),
(64, 58, 8, 2027, 5),
(92, 58, 8, 2027, 2),
(115, 63, 8, 2027, 4),
(64, 63, 8, 2027, 1),
(92, 63, 8, 2027, 5),
(92, 71, 8, 2027, 2),
(115, 71, 8, 2027, 3),
(64, 71, 8, 2027, 4),
(92, 75, 8, 2027, 1),
(115, 75, 8, 2027, 5),
(64, 75, 8, 2027, 3),
(92, 88, 8, 2027, 4),
(115, 88, 8, 2027, 2),
(64, 88, 8, 2027, 5),
(47, 2, 9, 2027, 3),
(101, 2, 9, 2027, 4),
(53, 2, 9, 2027, 2),
(53, 6, 9, 2027, 1),
(47, 6, 9, 2027, 5),
(101, 6, 9, 2027, 4),
(53, 12, 9, 2027, 3),
(47, 12, 9, 2027, 2),
(101, 12, 9, 2027, 4),
(101, 37, 9, 2027, 5),
(53, 37, 9, 2027, 2),
(47, 37, 9, 2027, 4),
(101, 40, 9, 2027, 3),
(53, 40, 9, 2027, 1),
(47, 40, 9, 2027, 4),
(101, 48, 9, 2027, 2),
(53, 48, 9, 2027, 5),
(47, 48, 9, 2027, 3),
(101, 54, 9, 2027, 4),
(53, 54, 9, 2027, 2),
(47, 54, 9, 2027, 5),
(101, 72, 9, 2027, 1),
(53, 72, 9, 2027, 3),
(47, 72, 9, 2027, 5),
(101, 73, 9, 2027, 4),
(53, 73, 9, 2027, 2),
(47, 73, 9, 2027, 1),
(101, 74, 9, 2027, 3),
(53, 74, 9, 2027, 5),
(47, 74, 9, 2027, 2);

#=================== 14 =====================#

INSERT INTO grades (judge_cook_id, part_cook_id, serial_number, contest_year, grade)
VALUES 
(90, 1, 10, 2027, 3),
(102, 1, 10, 2027, 4),
(67, 1, 10, 2027, 2),
(90, 51, 10, 2027, 5),
(102, 51, 10, 2027, 1),
(67, 51, 10, 2027, 3),
(90, 61, 10, 2027, 4),
(102, 61, 10, 2027, 2),
(67, 61, 10, 2027, 5),
(67, 65, 10, 2027, 3),
(90, 65, 10, 2027, 2),
(102, 65, 10, 2027, 4),
(67, 81, 10, 2027, 5),
(90, 81, 10, 2027, 1),
(102, 81, 10, 2027, 4),
(90, 82, 10, 2027, 2),
(102, 82, 10, 2027, 5),
(67, 82, 10, 2027, 3),
(90, 83, 10, 2027, 4),
(102, 83, 10, 2027, 2),
(67, 83, 10, 2027, 5),
(90, 97, 10, 2027, 1),
(102, 97, 10, 2027, 4),
(67, 97, 10, 2027, 3),
(90, 100, 10, 2027, 2),
(102, 100, 10, 2027, 5),
(67, 100, 10, 2027, 1),
(90, 108, 10, 2027, 4),
(102, 108, 10, 2027, 3),
(67, 108, 10, 2027, 5),
(20, 5, 1, 2028, 3),
(75, 5, 1, 2028, 4),
(101, 5, 1, 2028, 2),
(101, 8, 1, 2028, 1),
(20, 8, 1, 2028, 5),
(75, 8, 1, 2028, 4),
(101, 23, 1, 2028, 3),
(20, 23, 1, 2028, 2),
(75, 23, 1, 2028, 5),
(101, 34, 1, 2028, 2),
(20, 34, 1, 2028, 4),
(75, 34, 1, 2028, 3),
(101, 48, 1, 2028, 1),
(20, 48, 1, 2028, 5),
(75, 48, 1, 2028, 2),
(101, 57, 1, 2028, 4),
(20, 57, 1, 2028, 1),
(75, 57, 1, 2028, 5),
(101, 69, 1, 2028, 3),
(20, 69, 1, 2028, 2),
(75, 69, 1, 2028, 4),
(75, 74, 1, 2028, 1),
(101, 74, 1, 2028, 5),
(20, 74, 1, 2028, 3),
(75, 77, 1, 2028, 4),
(101, 77, 1, 2028, 2),
(20, 77, 1, 2028, 5),
(75, 95, 1, 2028, 1),
(101, 95, 1, 2028, 4),
(20, 95, 1, 2028, 3),
(30, 6, 2, 2028, 2),
(59, 6, 2, 2028, 5),
(14, 6, 2, 2028, 3),
(30, 11, 2, 2028, 4),
(59, 11, 2, 2028, 1),
(14, 11, 2, 2028, 5),
(30, 26, 2, 2028, 3),
(59, 26, 2, 2028, 2),
(14, 26, 2, 2028, 4),
(14, 35, 2, 2028, 2),
(30, 35, 2, 2028, 4),
(59, 35, 2, 2028, 1),
(14, 43, 2, 2028, 5),
(30, 43, 2, 2028, 3),
(59, 43, 2, 2028, 2),
(14, 46, 2, 2028, 4),
(30, 46, 2, 2028, 1),
(59, 46, 2, 2028, 5),
(14, 54, 2, 2028, 3),
(30, 54, 2, 2028, 5),
(59, 54, 2, 2028, 2),
(14, 64, 2, 2028, 4),
(30, 64, 2, 2028, 2),
(59, 64, 2, 2028, 5),
(14, 81, 2, 2028, 1),
(30, 81, 2, 2028, 3),
(59, 81, 2, 2028, 4),
(14, 88, 2, 2028, 5),
(30, 88, 2, 2028, 4),
(59, 88, 2, 2028, 2);

#=================== 15 ==========================#

INSERT INTO grades (judge_cook_id, part_cook_id, serial_number, contest_year, grade)
VALUES 
(107, 2, 3, 2028, 4),
(7, 2, 3, 2028, 2),
(27, 2, 3, 2028, 5),
(27, 9, 3, 2028, 3),
(107, 9, 3, 2028, 1),
(7, 9, 3, 2028, 4),
(27, 18, 3, 2028, 3),
(107, 18, 3, 2028, 5),
(7, 18, 3, 2028, 2),
(27, 21, 3, 2028, 4),
(107, 21, 3, 2028, 1),
(7, 21, 3, 2028, 5),
(27, 37, 3, 2028, 2),
(107, 37, 3, 2028, 4),
(7, 37, 3, 2028, 3),
(27, 52, 3, 2028, 5),
(107, 52, 3, 2028, 1),
(7, 52, 3, 2028, 4),
(27, 58, 3, 2028, 3),
(107, 58, 3, 2028, 2),
(7, 58, 3, 2028, 5),
(7, 67, 3, 2028, 4),
(27, 67, 3, 2028, 1),
(107, 67, 3, 2028, 5),
(7, 73, 3, 2028, 2),
(27, 73, 3, 2028, 4),
(107, 73, 3, 2028, 3),
(7, 86, 3, 2028, 5),
(27, 86, 3, 2028, 2),
(107, 86, 3, 2028, 4),
(49, 7, 4, 2028, 3),
(63, 7, 4, 2028, 5),
(4, 7, 4, 2028, 2),
(49, 10, 4, 2028, 4),
(63, 10, 4, 2028, 1),
(4, 10, 4, 2028, 5),
(49, 15, 4, 2028, 3),
(63, 15, 4, 2028, 2),
(4, 15, 4, 2028, 4),
(49, 24, 4, 2028, 1),
(63, 24, 4, 2028, 5),
(4, 24, 4, 2028, 3),
(49, 28, 4, 2028, 2),
(63, 28, 4, 2028, 4),
(4, 28, 4, 2028, 1),
(4, 33, 4, 2028, 4),
(49, 33, 4, 2028, 1),
(63, 33, 4, 2028, 5),
(4, 42, 4, 2028, 2),
(49, 42, 4, 2028, 4),
(63, 42, 4, 2028, 3),
(4, 60, 4, 2028, 5),
(49, 60, 4, 2028, 3),
(63, 60, 4, 2028, 1),
(4, 79, 4, 2028, 2),
(49, 79, 4, 2028, 5),
(63, 79, 4, 2028, 4),
(49, 91, 4, 2028, 1),
(63, 91, 4, 2028, 4),
(4, 91, 4, 2028, 2),
(115, 3, 5, 2028, 4),
(26, 3, 5, 2028, 2),
(83, 3, 5, 2028, 5),
(83, 14, 5, 2028, 3),
(115, 14, 5, 2028, 1),
(26, 14, 5, 2028, 4),
(83, 20, 5, 2028, 2),
(115, 20, 5, 2028, 5),
(26, 20, 5, 2028, 3),
(83, 47, 5, 2028, 1),
(115, 47, 5, 2028, 4),
(26, 47, 5, 2028, 2),
(83, 50, 5, 2028, 5),
(115, 50, 5, 2028, 3),
(26, 50, 5, 2028, 4),
(26, 56, 5, 2028, 2),
(83, 56, 5, 2028, 5),
(115, 56, 5, 2028, 3),
(26, 72, 5, 2028, 1),
(83, 72, 5, 2028, 4),
(115, 72, 5, 2028, 2),
(115, 82, 5, 2028, 5),
(26, 82, 5, 2028, 3),
(83, 82, 5, 2028, 1),
(115, 85, 5, 2028, 4),
(26, 85, 5, 2028, 2),
(83, 85, 5, 2028, 5),
(115, 97, 5, 2028, 3),
(26, 97, 5, 2028, 1),
(83, 97, 5, 2028, 4);

#======================= 16 ==================================#

INSERT INTO grades (judge_cook_id, part_cook_id, serial_number, contest_year, grade)
VALUES 
(101, 12, 6, 2028, 3),
(56, 12, 6, 2028, 4),
(35, 12, 6, 2028, 2),
(35, 17, 6, 2028, 5),
(101, 17, 6, 2028, 1),
(56, 17, 6, 2028, 3),
(35, 29, 6, 2028, 4),
(101, 29, 6, 2028, 2),
(56, 29, 6, 2028, 5),
(56, 30, 6, 2028, 1),
(35, 30, 6, 2028, 3),
(101, 30, 6, 2028, 4),
(56, 31, 6, 2028, 2),
(35, 31, 6, 2028, 5),
(101, 31, 6, 2028, 3),
(56, 32, 6, 2028, 4),
(35, 32, 6, 2028, 1),
(101, 32, 6, 2028, 2),
(56, 71, 6, 2028, 5),
(35, 71, 6, 2028, 3),
(101, 71, 6, 2028, 4),
(56, 75, 6, 2028, 2),
(35, 75, 6, 2028, 1),
(101, 75, 6, 2028, 5),
(56, 84, 6, 2028, 4),
(35, 84, 6, 2028, 3),
(101, 84, 6, 2028, 2),
(56, 98, 6, 2028, 5),
(35, 98, 6, 2028, 1),
(101, 98, 6, 2028, 3),
(66, 19, 7, 2028, 2),
(12, 19, 7, 2028, 5),
(91, 19, 7, 2028, 4),
(12, 25, 7, 2028, 3),
(91, 25, 7, 2028, 2),
(66, 25, 7, 2028, 1),
(12, 38, 7, 2028, 5),
(91, 38, 7, 2028, 4),
(66, 38, 7, 2028, 3),
(12, 41, 7, 2028, 2),
(91, 41, 7, 2028, 1),
(66, 41, 7, 2028, 5),
(12, 44, 7, 2028, 4),
(91, 44, 7, 2028, 3),
(66, 44, 7, 2028, 2),
(12, 63, 7, 2028, 1),
(91, 63, 7, 2028, 5),
(66, 63, 7, 2028, 4),
(12, 68, 7, 2028, 3),
(91, 68, 7, 2028, 2),
(66, 68, 7, 2028, 1),
(66, 70, 7, 2028, 5),
(12, 70, 7, 2028, 4),
(91, 70, 7, 2028, 3),
(66, 78, 7, 2028, 2),
(12, 78, 7, 2028, 1),
(91, 78, 7, 2028, 5),
(66, 87, 7, 2028, 4),
(12, 87, 7, 2028, 3),
(91, 87, 7, 2028, 2),
(44, 5, 8, 2028, 1),
(70, 5, 8, 2028, 4),
(103, 5, 8, 2028, 2),
(44, 22, 8, 2028, 5),
(70, 22, 8, 2028, 3),
(103, 22, 8, 2028, 1),
(44, 27, 8, 2028, 4),
(70, 27, 8, 2028, 2),
(103, 27, 8, 2028, 5),
(44, 45, 8, 2028, 3),
(70, 45, 8, 2028, 1),
(103, 45, 8, 2028, 4),
(44, 53, 8, 2028, 2),
(70, 53, 8, 2028, 5),
(103, 53, 8, 2028, 3),
(44, 61, 8, 2028, 4),
(70, 61, 8, 2028, 2),
(103, 61, 8, 2028, 1),
(44, 65, 8, 2028, 5),
(70, 65, 8, 2028, 3),
(103, 65, 8, 2028, 2),
(103, 66, 8, 2028, 4),
(44, 66, 8, 2028, 2),
(70, 66, 8, 2028, 5),
(103, 80, 8, 2028, 3),
(44, 80, 8, 2028, 1),
(70, 80, 8, 2028, 4),
(103, 92, 8, 2028, 5),
(44, 92, 8, 2028, 3),
(70, 92, 8, 2028, 2);

#======================== 17 ==============================#

INSERT INTO grades (judge_cook_id, part_cook_id, serial_number, contest_year, grade)
VALUES 
(29, 1, 9, 2028, 3),
(61, 1, 9, 2028, 4),
(85, 1, 9, 2028, 2),
(29, 16, 9, 2028, 5),
(61, 16, 9, 2028, 1),
(85, 16, 9, 2028, 3),
(29, 36, 9, 2028, 4),
(61, 36, 9, 2028, 2),
(85, 36, 9, 2028, 5),
(85, 39, 9, 2028, 1),
(29, 39, 9, 2028, 3),
(61, 39, 9, 2028, 4),
(85, 49, 9, 2028, 2),
(29, 49, 9, 2028, 5),
(61, 49, 9, 2028, 3),
(85, 51, 9, 2028, 4),
(29, 51, 9, 2028, 1),
(61, 51, 9, 2028, 2),
(85, 55, 9, 2028, 5),
(29, 55, 9, 2028, 3),
(61, 55, 9, 2028, 4),
(29, 83, 9, 2028, 2),
(61, 83, 9, 2028, 1),
(85, 83, 9, 2028, 5),
(29, 94, 9, 2028, 4),
(61, 94, 9, 2028, 3),
(85, 94, 9, 2028, 2),
(29, 96, 9, 2028, 1),
(61, 96, 9, 2028, 5),
(85, 96, 9, 2028, 4),
(103, 3, 10, 2028, 3),
(99, 3, 10, 2028, 4),
(6, 3, 10, 2028, 2),
(6, 4, 10, 2028, 5),
(103, 4, 10, 2028, 1),
(99, 4, 10, 2028, 3),
(6, 10, 10, 2028, 4),
(103, 10, 10, 2028, 2),
(99, 10, 10, 2028, 5),
(6, 37, 10, 2028, 3),
(103, 37, 10, 2028, 1),
(99, 37, 10, 2028, 4),
(6, 54, 10, 2028, 5),
(103, 54, 10, 2028, 3),
(99, 54, 10, 2028, 2),
(99, 62, 10, 2028, 4),
(6, 62, 10, 2028, 2),
(103, 62, 10, 2028, 5),
(99, 68, 10, 2028, 1),
(6, 68, 10, 2028, 3),
(103, 68, 10, 2028, 4),
(99, 69, 10, 2028, 5),
(6, 69, 10, 2028, 1),
(103, 69, 10, 2028, 3),
(99, 89, 10, 2028, 4),
(6, 89, 10, 2028, 2),
(103, 89, 10, 2028, 5),
(99, 91, 10, 2028, 3),
(6, 91, 10, 2028, 1),
(103, 91, 10, 2028, 4),
(83, 12, 1, 2029, 2),
(22, 12, 1, 2029, 5),
(37, 12, 1, 2029, 4),
(83, 14, 1, 2029, 3),
(22, 14, 1, 2029, 2),
(37, 14, 1, 2029, 1),
(83, 23, 1, 2029, 5),
(22, 23, 1, 2029, 4),
(37, 23, 1, 2029, 3),
(37, 29, 1, 2029, 2),
(83, 29, 1, 2029, 1),
(22, 29, 1, 2029, 5),
(37, 40, 1, 2029, 4),
(83, 40, 1, 2029, 3),
(22, 40, 1, 2029, 2),
(37, 61, 1, 2029, 1),
(83, 61, 1, 2029, 5),
(22, 61, 1, 2029, 4),
(37, 75, 1, 2029, 3),
(83, 75, 1, 2029, 2),
(22, 75, 1, 2029, 1),
(22, 87, 1, 2029, 5),
(37, 87, 1, 2029, 4),
(83, 87, 1, 2029, 3),
(22, 92, 1, 2029, 2),
(37, 92, 1, 2029, 1),
(83, 92, 1, 2029, 5),
(22, 98, 1, 2029, 4),
(37, 98, 1, 2029, 3),
(83, 98, 1, 2029, 2);

#============================= 18 ================================#

INSERT INTO grades (judge_cook_id, part_cook_id, serial_number, contest_year, grade)
VALUES 
(51, 9, 2, 2029, 3),
(13, 9, 2, 2029, 4),
(107, 9, 2, 2029, 2),
(51, 11, 2, 2029, 5),
(13, 11, 2, 2029, 1),
(107, 11, 2, 2029, 3),
(51, 15, 2, 2029, 4),
(13, 15, 2, 2029, 2),
(107, 15, 2, 2029, 5),
(107, 36, 2, 2029, 3),
(51, 36, 2, 2029, 1),
(13, 36, 2, 2029, 4),
(107, 45, 2, 2029, 5),
(51, 45, 2, 2029, 2),
(13, 45, 2, 2029, 3),
(107, 57, 2, 2029, 4),
(51, 57, 2, 2029, 1),
(13, 57, 2, 2029, 5),
(107, 60, 2, 2029, 2),
(51, 60, 2, 2029, 3),
(13, 60, 2, 2029, 4),
(13, 74, 2, 2029, 5),
(107, 74, 2, 2029, 3),
(51, 74, 2, 2029, 2),
(13, 84, 2, 2029, 1),
(107, 84, 2, 2029, 4),
(51, 84, 2, 2029, 3),
(13, 89, 2, 2029, 5),
(107, 89, 2, 2029, 2),
(51, 89, 2, 2029, 4),
(39, 5, 3, 2029, 1),
(82, 5, 3, 2029, 4),
(77, 5, 3, 2029, 3),
(39, 19, 3, 2029, 2),
(82, 19, 3, 2029, 5),
(77, 19, 3, 2029, 1),
(39, 27, 3, 2029, 3),
(82, 27, 3, 2029, 2),
(77, 27, 3, 2029, 4),
(77, 33, 3, 2029, 5),
(39, 33, 3, 2029, 2),
(82, 33, 3, 2029, 1),
(77, 42, 3, 2029, 3),
(39, 42, 3, 2029, 5),
(82, 42, 3, 2029, 4),
(82, 58, 3, 2029, 1),
(77, 58, 3, 2029, 4),
(39, 58, 3, 2029, 3),
(82, 62, 3, 2029, 5),
(77, 62, 3, 2029, 2),
(39, 62, 3, 2029, 1),
(82, 69, 3, 2029, 4),
(77, 69, 3, 2029, 3),
(39, 69, 3, 2029, 5),
(82, 86, 3, 2029, 2),
(77, 86, 3, 2029, 4),
(39, 86, 3, 2029, 1),
(39, 102, 3, 2029, 3),
(82, 102, 3, 2029, 5),
(77, 102, 3, 2029, 2),
(31, 6, 4, 2029, 4),
(101, 6, 4, 2029, 3),
(24, 6, 4, 2029, 2),
(31, 17, 4, 2029, 5),
(101, 17, 4, 2029, 1),
(24, 17, 4, 2029, 4),
(31, 43, 4, 2029, 3),
(101, 43, 4, 2029, 2),
(24, 43, 4, 2029, 1),
(24, 46, 4, 2029, 5),
(31, 46, 4, 2029, 2),
(101, 46, 4, 2029, 4),
(24, 70, 4, 2029, 3),
(31, 70, 4, 2029, 1),
(101, 70, 4, 2029, 5),
(24, 72, 4, 2029, 2),
(31, 72, 4, 2029, 4),
(101, 72, 4, 2029, 3),
(24, 88, 4, 2029, 1),
(31, 88, 4, 2029, 5),
(101, 88, 4, 2029, 2),
(101, 90, 4, 2029, 4),
(24, 90, 4, 2029, 2),
(31, 90, 4, 2029, 1),
(101, 97, 4, 2029, 5),
(24, 97, 4, 2029, 3),
(31, 97, 4, 2029, 4),
(31, 108, 4, 2029, 1),
(101, 108, 4, 2029, 3),
(24, 108, 4, 2029, 5);

#====================== 19 =============================#

INSERT INTO grades (judge_cook_id, part_cook_id, serial_number, contest_year, grade)
VALUES 
(11, 21, 5, 2029, 3),
(58, 21, 5, 2029, 4),
(87, 21, 5, 2029, 2),
(11, 24, 5, 2029, 5),
(58, 24, 5, 2029, 1),
(87, 24, 5, 2029, 3),
(11, 25, 5, 2029, 4),
(58, 25, 5, 2029, 2),
(87, 25, 5, 2029, 5),
(11, 38, 5, 2029, 3),
(58, 38, 5, 2029, 5),
(87, 38, 5, 2029, 1),
(87, 54, 5, 2029, 4),
(11, 54, 5, 2029, 2),
(58, 54, 5, 2029, 3),
(87, 64, 5, 2029, 5),
(11, 64, 5, 2029, 1),
(58, 64, 5, 2029, 4),
(87, 71, 5, 2029, 2),
(11, 71, 5, 2029, 5),
(58, 71, 5, 2029, 3),
(87, 78, 5, 2029, 4),
(11, 78, 5, 2029, 1),
(58, 78, 5, 2029, 5),
(87, 79, 5, 2029, 3),
(11, 79, 5, 2029, 2),
(58, 79, 5, 2029, 4),
(87, 83, 5, 2029, 1),
(11, 83, 5, 2029, 5),
(58, 83, 5, 2029, 3),
(68, 1, 6, 2029, 4),
(103, 1, 6, 2029, 2),
(57, 1, 6, 2029, 5),
(68, 13, 6, 2029, 3),
(103, 13, 6, 2029, 1),
(57, 13, 6, 2029, 4),
(68, 22, 6, 2029, 2),
(103, 22, 6, 2029, 5),
(57, 22, 6, 2029, 1),
(68, 26, 6, 2029, 4),
(103, 26, 6, 2029, 2),
(57, 26, 6, 2029, 5),
(57, 39, 6, 2029, 3),
(68, 39, 6, 2029, 1),
(103, 39, 6, 2029, 4),
(57, 49, 6, 2029, 2),
(68, 49, 6, 2029, 5),
(103, 49, 6, 2029, 3),
(57, 50, 6, 2029, 4),
(68, 50, 6, 2029, 1),
(103, 50, 6, 2029, 5),
(57, 59, 6, 2029, 3),
(68, 59, 6, 2029, 4),
(103, 59, 6, 2029, 1),
(57, 82, 6, 2029, 5),
(68, 82, 6, 2029, 2),
(103, 82, 6, 2029, 4),
(57, 85, 6, 2029, 1),
(68, 85, 6, 2029, 5),
(103, 85, 6, 2029, 3),
(26, 16, 7, 2029, 2),
(62, 16, 7, 2029, 4),
(107, 16, 7, 2029, 1),
(26, 28, 7, 2029, 5),
(62, 28, 7, 2029, 3),
(107, 28, 7, 2029, 2),
(107, 32, 7, 2029, 4),
(26, 32, 7, 2029, 1),
(62, 32, 7, 2029, 5),
(107, 44, 7, 2029, 3),
(26, 44, 7, 2029, 2),
(62, 44, 7, 2029, 4),
(107, 56, 7, 2029, 5),
(26, 56, 7, 2029, 1),
(62, 56, 7, 2029, 3),
(107, 65, 7, 2029, 4),
(26, 65, 7, 2029, 5),
(62, 65, 7, 2029, 2),
(62, 66, 7, 2029, 3),
(107, 66, 7, 2029, 1),
(26, 66, 7, 2029, 4),
(62, 67, 7, 2029, 5),
(107, 67, 7, 2029, 2),
(26, 67, 7, 2029, 3),
(62, 81, 7, 2029, 4),
(107, 81, 7, 2029, 5),
(26, 81, 7, 2029, 2),
(62, 91, 7, 2029, 3),
(107, 91, 7, 2029, 4),
(26, 91, 7, 2029, 5);

#==================== 20 =======================#

INSERT INTO grades (judge_cook_id, part_cook_id, serial_number, contest_year, grade)
VALUES 
(93, 3, 8, 2029, 4),
(5, 3, 8, 2029, 2),
(47, 3, 8, 2029, 5),
(93, 10, 8, 2029, 3),
(5, 10, 8, 2029, 1),
(47, 10, 8, 2029, 4),
(93, 30, 8, 2029, 2),
(5, 30, 8, 2029, 5),
(47, 30, 8, 2029, 3),
(93, 34, 8, 2029, 1),
(5, 34, 8, 2029, 4),
(47, 34, 8, 2029, 2),
(93, 55, 8, 2029, 5),
(5, 55, 8, 2029, 3),
(47, 55, 8, 2029, 1),
(93, 63, 8, 2029, 4),
(5, 63, 8, 2029, 2),
(47, 63, 8, 2029, 5),
(47, 94, 8, 2029, 3),
(93, 94, 8, 2029, 1),
(5, 94, 8, 2029, 4),
(47, 95, 8, 2029, 2),
(93, 95, 8, 2029, 5),
(5, 95, 8, 2029, 3),
(47, 104, 8, 2029, 1),
(93, 104, 8, 2029, 4),
(5, 104, 8, 2029, 2),
(47, 108, 8, 2029, 5),
(93, 108, 8, 2029, 3),
(5, 108, 8, 2029, 1),
(55, 4, 9, 2029, 2),
(42, 4, 9, 2029, 4),
(101, 4, 9, 2029, 1),
(55, 7, 9, 2029, 5),
(42, 7, 9, 2029, 3),
(101, 7, 9, 2029, 2),
(55, 20, 9, 2029, 4),
(42, 20, 9, 2029, 1),
(101, 20, 9, 2029, 3),
(55, 37, 9, 2029, 2),
(42, 37, 9, 2029, 5),
(101, 37, 9, 2029, 4),
(55, 41, 9, 2029, 3),
(42, 41, 9, 2029, 1),
(101, 41, 9, 2029, 5),
(55, 50, 9, 2029, 4),
(42, 50, 9, 2029, 2),
(101, 50, 9, 2029, 1),
(55, 53, 9, 2029, 3),
(42, 53, 9, 2029, 5),
(101, 53, 9, 2029, 2),
(55, 68, 9, 2029, 1),
(42, 68, 9, 2029, 4),
(101, 68, 9, 2029, 3),
(101, 80, 9, 2029, 5),
(55, 80, 9, 2029, 3),
(42, 80, 9, 2029, 2),
(101, 96, 9, 2029, 4),
(55, 96, 9, 2029, 1),
(42, 96, 9, 2029, 5),
(115, 2, 10, 2029, 3),
(90, 2, 10, 2029, 1),
(7, 2, 10, 2029, 5),
(115, 8, 10, 2029, 4),
(90, 8, 10, 2029, 2),
(7, 8, 10, 2029, 3),
(7, 18, 10, 2029, 1),
(115, 18, 10, 2029, 5),
(90, 18, 10, 2029, 4),
(7, 22, 10, 2029, 2),
(115, 22, 10, 2029, 3),
(90, 22, 10, 2029, 1),
(7, 23, 10, 2029, 4),
(115, 23, 10, 2029, 2),
(90, 23, 10, 2029, 5),
(7, 52, 10, 2029, 3),
(115, 52, 10, 2029, 1),
(90, 52, 10, 2029, 4),
(7, 72, 10, 2029, 5),
(115, 72, 10, 2029, 2),
(90, 72, 10, 2029, 3),
(7, 75, 10, 2029, 1),
(115, 75, 10, 2029, 4),
(90, 75, 10, 2029, 5),
(7, 76, 10, 2029, 2),
(115, 76, 10, 2029, 3),
(90, 76, 10, 2029, 1),
(7, 78, 10, 2029, 4),
(115, 78, 10, 2029, 5),
(90, 78, 10, 2029, 2);

#=================== 21 ============================#

INSERT INTO grades (judge_cook_id, part_cook_id, serial_number, contest_year, grade)
VALUES 
(64, 14, 1, 2030, 3),
(103, 14, 1, 2030, 5),
(16, 14, 1, 2030, 2),
(64, 22, 1, 2030, 4),
(103, 22, 1, 2030, 1),
(16, 22, 1, 2030, 3),
(64, 35, 1, 2030, 2),
(103, 35, 1, 2030, 4),
(16, 35, 1, 2030, 1),
(64, 45, 1, 2030, 5),
(103, 45, 1, 2030, 3),
(16, 45, 1, 2030, 2),
(16, 57, 1, 2030, 4),
(64, 57, 1, 2030, 1),
(103, 57, 1, 2030, 3),
(16, 61, 1, 2030, 5),
(64, 61, 1, 2030, 2),
(103, 61, 1, 2030, 4),
(16, 68, 1, 2030, 3),
(64, 68, 1, 2030, 1),
(103, 68, 1, 2030, 5),
(16, 78, 1, 2030, 2),
(64, 78, 1, 2030, 4),
(103, 78, 1, 2030, 1),
(103, 84, 1, 2030, 3),
(16, 84, 1, 2030, 5),
(64, 84, 1, 2030, 2),
(103, 93, 1, 2030, 4),
(16, 93, 1, 2030, 1),
(64, 93, 1, 2030, 3),
(86, 1, 2, 2030, 2),
(107, 1, 2, 2030, 4),
(33, 1, 2, 2030, 1),
(86, 8, 2, 2030, 5),
(107, 8, 2, 2030, 3),
(33, 8, 2, 2030, 2),
(86, 28, 2, 2030, 4),
(107, 28, 2, 2030, 1),
(33, 28, 2, 2030, 3),
(86, 41, 2, 2030, 5),
(107, 41, 2, 2030, 2),
(33, 41, 2, 2030, 4),
(86, 49, 2, 2030, 1),
(107, 49, 2, 2030, 3),
(33, 49, 2, 2030, 5),
(86, 60, 2, 2030, 2),
(107, 60, 2, 2030, 4),
(33, 60, 2, 2030, 1),
(86, 70, 2, 2030, 3),
(107, 70, 2, 2030, 5),
(33, 70, 2, 2030, 4),
(86, 72, 2, 2030, 1),
(107, 72, 2, 2030, 3),
(33, 72, 2, 2030, 5),
(33, 89, 2, 2030, 2),
(86, 89, 2, 2030, 4),
(107, 89, 2, 2030, 1),
(33, 97, 2, 2030, 3),
(86, 97, 2, 2030, 5),
(107, 97, 2, 2030, 2),
(45, 6, 3, 2030, 4),
(76, 6, 3, 2030, 1),
(12, 6, 3, 2030, 5),
(45, 19, 3, 2030, 2),
(76, 19, 3, 2030, 4),
(12, 19, 3, 2030, 3),
(12, 25, 3, 2030, 5),
(45, 25, 3, 2030, 2),
(76, 25, 3, 2030, 4),
(12, 29, 3, 2030, 1),
(45, 29, 3, 2030, 3),
(76, 29, 3, 2030, 5),
(12, 36, 3, 2030, 2),
(45, 36, 3, 2030, 4),
(76, 36, 3, 2030, 1),
(12, 48, 3, 2030, 3),
(45, 48, 3, 2030, 5),
(76, 48, 3, 2030, 2),
(12, 54, 3, 2030, 4),
(45, 54, 3, 2030, 1),
(76, 54, 3, 2030, 3),
(12, 85, 3, 2030, 5),
(45, 85, 3, 2030, 2),
(76, 85, 3, 2030, 4),
(12, 90, 3, 2030, 1),
(45, 90, 3, 2030, 3),
(76, 90, 3, 2030, 5),
(12, 104, 3, 2030, 2),
(45, 104, 3, 2030, 4),
(76, 104, 3, 2030, 1);

#=========================== 22 ========================#

INSERT INTO grades (judge_cook_id, part_cook_id, serial_number, contest_year, grade)
VALUES 
(59, 11, 4, 2030, 3),
(21, 11, 4, 2030, 4),
(84, 11, 4, 2030, 2),
(59, 13, 4, 2030, 5),
(21, 13, 4, 2030, 1),
(84, 13, 4, 2030, 3),
(59, 24, 4, 2030, 2),
(21, 24, 4, 2030, 4),
(84, 24, 4, 2030, 1),
(59, 30, 4, 2030, 3),
(21, 30, 4, 2030, 5),
(84, 30, 4, 2030, 2),
(59, 38, 4, 2030, 4),
(21, 38, 4, 2030, 2),
(84, 38, 4, 2030, 3),
(59, 55, 4, 2030, 1),
(21, 55, 4, 2030, 3),
(84, 55, 4, 2030, 5),
(59, 64, 4, 2030, 2),
(21, 64, 4, 2030, 4),
(84, 64, 4, 2030, 1),
(59, 71, 4, 2030, 5),
(21, 71, 4, 2030, 3),
(84, 71, 4, 2030, 2),
(59, 77, 4, 2030, 4),
(21, 77, 4, 2030, 2),
(84, 77, 4, 2030, 1),
(59, 86, 4, 2030, 3),
(21, 86, 4, 2030, 5),
(84, 86, 4, 2030, 4),
(25, 5, 5, 2030, 2),
(48, 5, 5, 2030, 4),
(107, 5, 5, 2030, 3),
(25, 18, 5, 2030, 5),
(48, 18, 5, 2030, 2),
(107, 18, 5, 2030, 4),
(25, 23, 5, 2030, 1),
(48, 23, 5, 2030, 5),
(107, 23, 5, 2030, 3),
(25, 43, 5, 2030, 4),
(48, 43, 5, 2030, 1),
(107, 43, 5, 2030, 2),
(48, 46, 5, 2030, 3),
(107, 46, 5, 2030, 5),
(25, 46, 5, 2030, 2),
(48, 56, 5, 2030, 4),
(107, 56, 5, 2030, 1),
(25, 56, 5, 2030, 3),
(25, 69, 5, 2030, 5),
(48, 69, 5, 2030, 2),
(107, 69, 5, 2030, 4),
(25, 82, 5, 2030, 3),
(48, 82, 5, 2030, 1),
(107, 82, 5, 2030, 5),
(25, 91, 5, 2030, 4),
(48, 91, 5, 2030, 2),
(107, 91, 5, 2030, 3),
(25, 98, 5, 2030, 1),
(48, 98, 5, 2030, 5),
(107, 98, 5, 2030, 4),
(14, 2, 6, 2030, 3),
(30, 2, 6, 2030, 5),
(63, 2, 6, 2030, 2),
(14, 15, 6, 2030, 4),
(30, 15, 6, 2030, 2),
(63, 15, 6, 2030, 3),
(14, 31, 6, 2030, 1),
(30, 31, 6, 2030, 4),
(63, 31, 6, 2030, 5),
(14, 33, 6, 2030, 2),
(30, 33, 6, 2030, 3),
(63, 33, 6, 2030, 4),
(14, 37, 6, 2030, 5),
(30, 37, 6, 2030, 1),
(63, 37, 6, 2030, 2),
(14, 58, 6, 2030, 3),
(30, 58, 6, 2030, 4),
(63, 58, 6, 2030, 5),
(63, 67, 6, 2030, 1),
(14, 67, 6, 2030, 2),
(30, 67, 6, 2030, 3),
(63, 79, 6, 2030, 4),
(14, 79, 6, 2030, 5),
(30, 79, 6, 2030, 1),
(63, 83, 6, 2030, 2),
(14, 83, 6, 2030, 3),
(30, 83, 6, 2030, 4),
(63, 88, 6, 2030, 5),
(14, 88, 6, 2030, 1),
(30, 88, 6, 2030, 2);

#========================== 23 =====================#

INSERT INTO grades (judge_cook_id, part_cook_id, serial_number, contest_year, grade) VALUES
(8, 9, 7, 2030, 3),
(52, 9, 7, 2030, 4),
(69, 9, 7, 2030, 2),
(8, 12, 7, 2030, 5),
(52, 12, 7, 2030, 1),
(69, 12, 7, 2030, 3),
(8, 17, 7, 2030, 2),
(52, 17, 7, 2030, 5),
(69, 17, 7, 2030, 4),
(8, 32, 7, 2030, 1),
(52, 32, 7, 2030, 3),
(69, 32, 7, 2030, 2),
(8, 40, 7, 2030, 4),
(52, 40, 7, 2030, 5),
(69, 40, 7, 2030, 1),
(8, 50, 7, 2030, 3),
(52, 50, 7, 2030, 2),
(69, 50, 7, 2030, 4),
(8, 53, 7, 2030, 5),
(52, 53, 7, 2030, 3),
(69, 53, 7, 2030, 1),
(8, 73, 7, 2030, 2),
(52, 73, 7, 2030, 4),
(69, 73, 7, 2030, 5),
(69, 81, 7, 2030, 3),
(8, 81, 7, 2030, 1),
(52, 81, 7, 2030, 2),
(69, 94, 7, 2030, 4),
(8, 94, 7, 2030, 5),
(52, 94, 7, 2030, 3),
(115, 7, 8, 2030, 2),
(95, 7, 8, 2030, 4),
(67, 7, 8, 2030, 5),
(115, 16, 8, 2030, 1),
(95, 16, 8, 2030, 3),
(67, 16, 8, 2030, 2),
(67, 27, 8, 2030, 3),
(115, 27, 8, 2030, 5),
(95, 27, 8, 2030, 4),
(67, 39, 8, 2030, 1),
(115, 39, 8, 2030, 2),
(95, 39, 8, 2030, 3),
(67, 52, 8, 2030, 4),
(115, 52, 8, 2030, 5),
(95, 52, 8, 2030, 1),
(67, 62, 8, 2030, 2),
(115, 62, 8, 2030, 3),
(95, 62, 8, 2030, 4),
(95, 63, 8, 2030, 5),
(67, 63, 8, 2030, 1),
(115, 63, 8, 2030, 2),
(95, 65, 8, 2030, 3),
(67, 65, 8, 2030, 4),
(115, 65, 8, 2030, 5),
(95, 66, 8, 2030, 1),
(67, 66, 8, 2030, 2),
(115, 66, 8, 2030, 3),
(95, 92, 8, 2030, 4),
(67, 92, 8, 2030, 5),
(115, 92, 8, 2030, 1),
(13, 20, 9, 2030, 2),
(78, 20, 9, 2030, 4),
(32, 20, 9, 2030, 5),
(13, 26, 9, 2030, 1),
(78, 26, 9, 2030, 3),
(32, 26, 9, 2030, 2),
(32, 34, 9, 2030, 3),
(13, 34, 9, 2030, 5),
(78, 34, 9, 2030, 4),
(32, 42, 9, 2030, 1),
(13, 42, 9, 2030, 2),
(78, 42, 9, 2030, 3),
(78, 47, 9, 2030, 4),
(32, 47, 9, 2030, 5),
(13, 47, 9, 2030, 1),
(78, 59, 9, 2030, 2),
(32, 59, 9, 2030, 3),
(13, 59, 9, 2030, 4),
(78, 75, 9, 2030, 5),
(32, 75, 9, 2030, 1),
(13, 75, 9, 2030, 2),
(78, 80, 9, 2030, 3),
(32, 80, 9, 2030, 4),
(13, 80, 9, 2030, 5),
(13, 95, 9, 2030, 1),
(78, 95, 9, 2030, 5),
(32, 95, 9, 2030, 2),
(13, 99, 9, 2030, 3),
(78, 99, 9, 2030, 4),
(32, 99, 9, 2030, 5);

#=============== 24 ========================#

INSERT INTO grades (judge_cook_id, part_cook_id, serial_number, contest_year, grade)
VALUES
(22, 3, 10, 2030, 3),
(99, 3, 10, 2030, 2),
(101, 3, 10, 2030, 4),
(22, 4, 10, 2030, 5),
(99, 4, 10, 2030, 1),
(101, 4, 10, 2030, 3),
(101, 10, 10, 2030, 2),
(22, 10, 10, 2030, 4),
(99, 10, 10, 2030, 5),
(101, 21, 10, 2030, 1),
(22, 21, 10, 2030, 3),
(99, 21, 10, 2030, 2),
(101, 25, 10, 2030, 5),
(22, 25, 10, 2030, 4),
(99, 25, 10, 2030, 1),
(101, 51, 10, 2030, 3),
(22, 51, 10, 2030, 2),
(99, 51, 10, 2030, 4),
(101, 68, 10, 2030, 1),
(22, 68, 10, 2030, 5),
(99, 68, 10, 2030, 3),
(101, 74, 10, 2030, 2),
(22, 74, 10, 2030, 4),
(99, 74, 10, 2030, 5),
(101, 87, 10, 2030, 1),
(22, 87, 10, 2030, 2),
(99, 87, 10, 2030, 4),
(101, 96, 10, 2030, 3),
(22, 96, 10, 2030, 5),
(99, 96, 10, 2030, 1);

#=================== 25 ===============================#


INSERT INTO grades (judge_cook_id, part_cook_id, serial_number, contest_year, grade) VALUES
(1, 11, 1, 2031, 3),
(111, 11, 1, 2031, 4),
(115, 11, 1, 2031, 2),
(1, 22, 1, 2031, 5),
(111, 22, 1, 2031, 1),
(115, 22, 1, 2031, 3),
(1, 23, 1, 2031, 4),
(111, 23, 1, 2031, 5),
(115, 23, 1, 2031, 2),
(1, 34, 1, 2031, 3),
(111, 34, 1, 2031, 1),
(115, 34, 1, 2031, 4),
(1, 46, 1, 2031, 2),
(111, 46, 1, 2031, 5),
(115, 46, 1, 2031, 3),
(1, 55, 1, 2031, 4),
(111, 55, 1, 2031, 2),
(115, 55, 1, 2031, 5),
(1, 56, 1, 2031, 3),
(111, 56, 1, 2031, 1),
(115, 56, 1, 2031, 4),
(1, 78, 1, 2031, 2),
(111, 78, 1, 2031, 5),
(115, 78, 1, 2031, 3),
(1, 88, 1, 2031, 4),
(111, 88, 1, 2031, 1),
(115, 88, 1, 2031, 5),
(115, 99, 1, 2031, 2),
(1, 99, 1, 2031, 3),
(111, 99, 1, 2031, 4),
(115, 24, 2, 2031, 5),
(110, 24, 2, 2031, 1),
(67, 24, 2, 2031, 3),
(115, 33, 2, 2031, 4),
(110, 33, 2, 2031, 2),
(67, 33, 2, 2031, 5),
(115, 38, 2, 2031, 1),
(110, 38, 2, 2031, 3),
(67, 38, 2, 2031, 4),
(115, 52, 2, 2031, 2),
(110, 52, 2, 2031, 5),
(67, 52, 2, 2031, 1),
(115, 59, 2, 2031, 3),
(110, 59, 2, 2031, 4),
(67, 59, 2, 2031, 2),
(67, 65, 2, 2031, 5),
(115, 65, 2, 2031, 1),
(110, 65, 2, 2031, 3),
(67, 76, 2, 2031, 4),
(115, 76, 2, 2031, 2),
(110, 76, 2, 2031, 5),
(67, 87, 2, 2031, 1),
(115, 87, 2, 2031, 3),
(110, 87, 2, 2031, 4),
(67, 92, 2, 2031, 2),
(115, 92, 2, 2031, 5),
(110, 92, 2, 2031, 1),
(67, 100, 2, 2031, 3),
(115, 100, 2, 2031, 4),
(110, 100, 2, 2031, 2),
(1, 6, 3, 2031, 5),
(110, 6, 3, 2031, 1),
(111, 6, 3, 2031, 3),
(111, 17, 3, 2031, 4),
(1, 17, 3, 2031, 2),
(110, 17, 3, 2031, 5),
(111, 26, 3, 2031, 1),
(1, 26, 3, 2031, 3),
(110, 26, 3, 2031, 4),
(110, 30, 3, 2031, 2),
(111, 30, 3, 2031, 5),
(1, 30, 3, 2031, 1),
(110, 43, 3, 2031, 3),
(111, 43, 3, 2031, 4),
(1, 43, 3, 2031, 2),
(1, 49, 3, 2031, 5),
(110, 49, 3, 2031, 1),
(111, 49, 3, 2031, 3),
(1, 73, 3, 2031, 4),
(110, 73, 3, 2031, 2),
(111, 73, 3, 2031, 5),
(1, 81, 3, 2031, 1),
(110, 81, 3, 2031, 3),
(111, 81, 3, 2031, 4),
(1, 84, 3, 2031, 2),
(110, 84, 3, 2031, 5),
(111, 84, 3, 2031, 1),
(1, 97, 3, 2031, 3),
(110, 97, 3, 2031, 4),
(111, 97, 3, 2031, 2),
(1, 4, 4, 2031, 3),
(110, 4, 4, 2031, 4),
(115, 4, 4, 2031, 2),
(1, 20, 4, 2031, 5),
(110, 20, 4, 2031, 1),
(115, 20, 4, 2031, 3),
(1, 27, 4, 2031, 4),
(110, 27, 4, 2031, 5),
(115, 27, 4, 2031, 2),
(1, 29, 4, 2031, 3),
(110, 29, 4, 2031, 1),
(115, 29, 4, 2031, 4),
(1, 39, 4, 2031, 2),
(110, 39, 4, 2031, 5),
(115, 39, 4, 2031, 3),
(115, 50, 4, 2031, 4),
(1, 50, 4, 2031, 2),
(110, 50, 4, 2031, 5),
(115, 64, 4, 2031, 3),
(1, 64, 4, 2031, 1),
(110, 64, 4, 2031, 4),
(115, 74, 4, 2031, 2),
(1, 74, 4, 2031, 5),
(110, 74, 4, 2031, 3),
(115, 88, 4, 2031, 4),
(1, 88, 4, 2031, 1),
(110, 88, 4, 2031, 5),
(110, 93, 4, 2031, 2),
(115, 93, 4, 2031, 3),
(1, 93, 4, 2031, 4),
(115, 8, 5, 2031, 5),
(38, 8, 5, 2031, 1),
(87, 8, 5, 2031, 3),
(87, 14, 5, 2031, 4),
(115, 14, 5, 2031, 2),
(38, 14, 5, 2031, 5),
(87, 15, 5, 2031, 1),
(115, 15, 5, 2031, 3),
(38, 15, 5, 2031, 4),
(87, 44, 5, 2031, 2),
(115, 44, 5, 2031, 5),
(38, 44, 5, 2031, 1),
(87, 57, 5, 2031, 3),
(115, 57, 5, 2031, 4),
(38, 57, 5, 2031, 2),
(87, 58, 5, 2031, 5),
(115, 58, 5, 2031, 1),
(38, 58, 5, 2031, 3),
(87, 63, 5, 2031, 4),
(115, 63, 5, 2031, 2),
(38, 63, 5, 2031, 5),
(87, 72, 5, 2031, 1),
(115, 72, 5, 2031, 3),
(38, 72, 5, 2031, 4),
(87, 82, 5, 2031, 2),
(115, 82, 5, 2031, 5),
(38, 82, 5, 2031, 1),
(38, 98, 5, 2031, 3),
(87, 98, 5, 2031, 4),
(115, 98, 5, 2031, 2),
(24, 9, 6, 2031, 5),
(111, 9, 6, 2031, 1),
(33, 9, 6, 2031, 3),
(24, 16, 6, 2031, 4),
(111, 16, 6, 2031, 2),
(33, 16, 6, 2031, 5),
(24, 21, 6, 2031, 1),
(111, 21, 6, 2031, 3),
(33, 21, 6, 2031, 4),
(33, 36, 6, 2031, 2),
(24, 36, 6, 2031, 5),
(111, 36, 6, 2031, 1),
(33, 47, 6, 2031, 3),
(24, 47, 6, 2031, 4),
(111, 47, 6, 2031, 2),
(33, 48, 6, 2031, 5),
(24, 48, 6, 2031, 1),
(111, 48, 6, 2031, 3),
(33, 77, 6, 2031, 4),
(24, 77, 6, 2031, 2),
(111, 77, 6, 2031, 5),
(111, 79, 6, 2031, 1),
(33, 79, 6, 2031, 3),
(24, 79, 6, 2031, 4),
(111, 83, 6, 2031, 2),
(33, 83, 6, 2031, 5),
(24, 83, 6, 2031, 1),
(111, 86, 6, 2031, 3),
(33, 86, 6, 2031, 4),
(24, 86, 6, 2031, 2),
(111, 2, 7, 2031, 4),
(81, 2, 7, 2031, 2),
(100, 2, 7, 2031, 5),
(111, 13, 7, 2031, 1),
(81, 13, 7, 2031, 3),
(100, 13, 7, 2031, 4),
(111, 22, 7, 2031, 5),
(81, 22, 7, 2031, 1),
(100, 22, 7, 2031, 2),
(111, 35, 7, 2031, 3),
(81, 35, 7, 2031, 4),
(100, 35, 7, 2031, 5),
(111, 46, 7, 2031, 1),
(81, 46, 7, 2031, 2),
(100, 46, 7, 2031, 3),
(111, 53, 7, 2031, 4),
(81, 53, 7, 2031, 5),
(100, 53, 7, 2031, 1),
(111, 56, 7, 2031, 2),
(81, 56, 7, 2031, 3),
(100, 56, 7, 2031, 4),
(100, 75, 7, 2031, 5),
(111, 75, 7, 2031, 1),
(81, 75, 7, 2031, 2),
(100, 85, 7, 2031, 3),
(111, 85, 7, 2031, 4),
(81, 85, 7, 2031, 5),
(100, 91, 7, 2031, 1),
(111, 91, 7, 2031, 2),
(81, 91, 7, 2031, 3),
(110, 5, 8, 2031, 4),
(115, 5, 8, 2031, 5),
(1, 5, 8, 2031, 1),
(115, 18, 8, 2031, 2),
(1, 18, 8, 2031, 3),
(110, 18, 8, 2031, 4),
(115, 32, 8, 2031, 5),
(1, 32, 8, 2031, 1),
(110, 32, 8, 2031, 2),
(115, 40, 8, 2031, 3),
(1, 40, 8, 2031, 4),
(110, 40, 8, 2031, 5),
(115, 42, 8, 2031, 1),
(1, 42, 8, 2031, 2),
(110, 42, 8, 2031, 3),
(115, 54, 8, 2031, 4),
(1, 54, 8, 2031, 5),
(110, 54, 8, 2031, 1),
(115, 60, 8, 2031, 2),
(1, 60, 8, 2031, 3),
(110, 60, 8, 2031, 4),
(115, 70, 8, 2031, 5),
(1, 70, 8, 2031, 1),
(110, 70, 8, 2031, 2),
(115, 90, 8, 2031, 3),
(1, 90, 8, 2031, 4),
(110, 90, 8, 2031, 5),
(115, 94, 8, 2031, 1),
(1, 94, 8, 2031, 2),
(110, 94, 8, 2031, 3),
(49, 3, 9, 2031, 4),
(115, 3, 9, 2031, 5),
(110, 3, 9, 2031, 1),
(49, 7, 9, 2031, 2),
(115, 7, 9, 2031, 3),
(110, 7, 9, 2031, 4),
(49, 19, 9, 2031, 5),
(115, 19, 9, 2031, 1),
(110, 19, 9, 2031, 2),
(49, 28, 9, 2031, 3),
(115, 28, 9, 2031, 4),
(110, 28, 9, 2031, 5),
(49, 31, 9, 2031, 1),
(115, 31, 9, 2031, 2),
(110, 31, 9, 2031, 3),
(110, 41, 9, 2031, 4),
(49, 41, 9, 2031, 5),
(115, 41, 9, 2031, 1),
(110, 61, 9, 2031, 2),
(49, 61, 9, 2031, 3),
(115, 61, 9, 2031, 4),
(115, 68, 9, 2031, 5),
(110, 68, 9, 2031, 1),
(49, 68, 9, 2031, 2),
(115, 71, 9, 2031, 3),
(110, 71, 9, 2031, 4),
(49, 71, 9, 2031, 5),
(115, 95, 9, 2031, 1),
(110, 95, 9, 2031, 2),
(49, 95, 9, 2031, 3),
(115, 3, 10, 2031, 3),
(1, 3, 10, 2031, 5),
(111, 3, 10, 2031, 2),
(115, 10, 10, 2031, 4),
(1, 10, 10, 2031, 1),
(111, 10, 10, 2031, 3),
(115, 25, 10, 2031, 5),
(1, 25, 10, 2031, 2),
(111, 25, 10, 2031, 4),
(111, 37, 10, 2031, 1),
(115, 37, 10, 2031, 3),
(1, 37, 10, 2031, 2),
(111, 51, 10, 2031, 5),
(115, 51, 10, 2031, 4),
(1, 51, 10, 2031, 1),
(111, 62, 10, 2031, 3),
(115, 62, 10, 2031, 2),
(1, 62, 10, 2031, 5),
(111, 66, 10, 2031, 4),
(115, 66, 10, 2031, 1),
(1, 66, 10, 2031, 3),
(1, 69, 10, 2031, 2),
(111, 69, 10, 2031, 4),
(115, 69, 10, 2031, 5),
(1, 80, 10, 2031, 1),
(111, 80, 10, 2031, 3),
(115, 80, 10, 2031, 2),
(1, 96, 10, 2031, 4),
(111, 96, 10, 2031, 5),
(115, 96, 10, 2031, 1);

#=================== 1 ================================#

INSERT INTO has_to_cook (recipe_name, cook_id, serial_number, contest_year) VALUES
('Spanakopita', 11, 1, 2024),
('Borscht', 22, 1, 2024),
('Tortilla Española', 23, 1, 2024),
('Gyros', 34, 1, 2024),
('Tortilla Española', 46, 1, 2024),
('Pancit', 55, 1, 2024),
('Quiche', 56, 1, 2024),
('Kare-Kare', 78, 1, 2024),
('Tagine', 88, 1, 2024),
('Hot and Sour Soup', 99, 1, 2024),
('Pumpkin Pie', 24, 2, 2024),
('Ratatouille', 33, 2, 2024),
('Tiramisu', 38, 2, 2024),
('Yorkshire Pudding', 52, 2, 2024),
('Butter Chicken', 59, 2, 2024),
('Tagine', 65, 2, 2024),
('Hot and Sour Soup', 76, 2, 2024),
('Tacos', 87, 2, 2024),
('Tortilla Española', 92, 2, 2024),
('Ful Medames', 100, 2, 2024);

#====================== 2 ===============================#

INSERT INTO has_to_cook (recipe_name, cook_id, serial_number, contest_year) VALUES
('Yorkshire Pudding', 6, 3, 2024),
('Japchae', 17, 3, 2024),
('Milanesa', 26, 3, 2024),
('Hot and Sour Soup', 30, 3, 2024),
('Biryani', 43, 3, 2024),
('Provoleta', 49, 3, 2024),
('Basturma', 73, 3, 2024),
('Lecsó', 81, 3, 2024),
('Tiramisu', 84, 3, 2024),
('Belgian Waffles', 97, 3, 2024),
('Lavash', 4, 4, 2024),
('Biryani', 20, 4, 2024),
('Lavash', 27, 4, 2024),
('Yorkshire Pudding', 29, 4, 2024),
('Tempura', 39, 4, 2024),
('Basturma', 50, 4, 2024),
('Tacos', 64, 4, 2024),
('Stoofvlees', 74, 4, 2024),
('Tagine', 88, 4, 2024),
('BBQ Ribs', 93, 4, 2024),
('Molokhia', 8, 5, 2024),
('Satay', 14, 5, 2024),
('Tiramisu', 15, 5, 2024),
('Falafel', 44, 5, 2024),
('Spanakopita', 57, 5, 2024),
('Lecsó', 58, 5, 2024),
('Kimchi', 63, 5, 2024),
('Empanadas', 72, 5, 2024),
('Tandoori Chicken', 82, 5, 2024),
('Shepherd\'s Pie', 98, 5, 2024),
('Pancit', 9, 6, 2024),
('Ramen', 16, 6, 2024),
('Shakshuka', 21, 6, 2024),
('Tandoori Chicken', 36, 6, 2024),
('Apple Pie', 47, 6, 2024),
('Tabbouleh', 48, 6, 2024),
('Ful Medames', 77, 6, 2024),
('Ratatouille', 79, 6, 2024),
('Satay', 83, 6, 2024),
('Kimchi', 86, 6, 2024),
('Tabbouleh', 2, 7, 2024),
('Tandoori Chicken', 13, 7, 2024),
('Borscht', 22, 7, 2024),
('Chicken Paprikash', 35, 7, 2024),
('Flan', 46, 7, 2024),
('Sweet and Sour Pork', 53, 7, 2024),
('Quiche', 56, 7, 2024),
('Trifle', 75, 7, 2024),
('Tempura', 85, 7, 2024),
('Pelmeni', 91, 7, 2024);

#========================== 3 ===========================#

INSERT INTO has_to_cook (recipe_name, cook_id, serial_number, contest_year) VALUES
('Moules Frites', 5, 8, 2024),
('Tacos', 18, 8, 2024),
('Pancit', 32, 8, 2024),
('Kimchi', 40, 8, 2024),
('Couscous', 42, 8, 2024),
('Molokhia', 54, 8, 2024),
('Satay', 60, 8, 2024),
('Chocolate Cake', 70, 8, 2024),
('Falafel', 90, 8, 2024),
('Baklava', 94, 8, 2024),
('Milanesa', 3, 9, 2024),
('Sweet and Sour Pork', 7, 9, 2024),
('Tagine', 19, 9, 2024),
('Waterzooi', 28, 9, 2024),
('Molokhia', 31, 9, 2024),
('Guacamole', 41, 9, 2024),
('Tiramisu', 61, 9, 2024),
('Beef Stroganoff', 68, 9, 2024),
('Tabbouleh', 71, 9, 2024),
('Provoleta', 95, 9, 2024),
('Pumpkin Pie', 1, 10, 2024),
('Croissants', 10, 10, 2024),
('Fattoush', 25, 10, 2024),
('Gado-Gado', 37, 10, 2024),
('Belgian Waffles', 51, 10, 2024),
('Okonomiyaki', 62, 10, 2024),
('Biryani', 66, 10, 2024),
('Gazpacho', 69, 10, 2024),
('Pastitsio', 80, 10, 2024),
('Basturma', 96, 10, 2024),
('Molokhia', 8, 1, 2025),
('Japchae', 17, 1, 2025),
('Waterzooi', 28, 1, 2025),
('Spanakopita', 34, 1, 2025),
('Tandoori Chicken', 36, 1, 2025),
('Tempura', 39, 1, 2025),
('Pancit', 55, 1, 2025),
('Stoofvlees', 74, 1, 2025),
('Tiramisu', 84, 1, 2025),
('Yorkshire Pudding', 98, 1, 2025),
('Knafeh', 21, 2, 2025),
('Tortilla Española', 23, 2, 2025),
('Tacos', 41, 2, 2025),
('Apple Pie', 47, 2, 2025),
('Sweet and Sour Pork', 53, 2, 2025),
('Spanakopita', 57, 2, 2025),
('Tacos', 64, 2, 2025),
('Falafel', 67, 2, 2025),
('Falafel', 90, 2, 2025),
('Tortilla Española', 92, 2, 2025),
('Sweet and Sour Pork', 7, 3, 2025),
('Satay', 14, 3, 2025),
('Lavash', 27, 3, 2025),
('Sweet and Sour Pork', 30, 3, 2025),
('Tiramisu', 38, 3, 2025),
('Provoleta', 49, 3, 2025),
('Butter Chicken', 59, 3, 2025),
('Trifle', 75, 3, 2025),
('Tagine', 88, 3, 2025),
('Flan', 102, 3, 2025);

#=================== 4 ==========================#

INSERT INTO has_to_cook (recipe_name, cook_id, serial_number, contest_year) VALUES
    ('Chocolate Cake', 1, 4, 2025),
    ('Dolma', 4, 4, 2025),
    ('Provoleta', 26, 4, 2025),
    ('Goulash', 35, 4, 2025),
    ('Ratatouille', 56, 4, 2025),
    ('Bibimbap', 63, 4, 2025),
    ('Rogan Josh', 66, 4, 2025),
    ('Empanadas', 72, 4, 2025),
    ('Satay', 83, 4, 2025),
    ('BBQ Ribs', 93, 4, 2025),
    ('Yorkshire Pudding', 6, 5, 2025),
    ('Chicken Paprikash', 12, 5, 2025),
    ('Tacos', 18, 5, 2025),
    ('Falafel', 44, 5, 2025),
    ('Borscht', 45, 5, 2025),
    ('Tiramisu', 61, 5, 2025),
    ('Pumpkin Pie', 70, 5, 2025),
    ('Tempura', 85, 5, 2025),
    ('Tabbouleh', 2, 6, 2025),
    ('Spanakopita', 11, 6, 2025),
    ('Beef Stroganoff', 22, 6, 2025),
    ('Pancit', 32, 6, 2025),
    ('Satay', 37, 6, 2025),
    ('Baklava', 48, 6, 2025),
    ('Nasi Goreng', 60, 6, 2025),
    ('Gazpacho', 69, 6, 2025),
    ('Adobo', 78, 6, 2025),
    ('Hot and Sour Soup', 99, 6, 2025),
    ('Ratatouille', 10, 7, 2025),
    ('Tempura', 16, 7, 2025),
    ('Tagine', 19, 7, 2025),
    ('Hummus', 25, 7, 2025),
    ('Ful Medames', 31, 7, 2025),
    ('Paella', 46, 7, 2025),
    ('Yorkshire Pudding', 52, 7, 2025),
    ('Ratatouille', 79, 7, 2025),
    ('Lecsó', 81, 7, 2025),
    ('Biryani', 89, 7, 2025),
    ('Chimichurri', 3, 8, 2025),
    ('Pumpkin Pie', 24, 8, 2025),
    ('Kimchi', 40, 8, 2025),
    ('Basturma', 50, 8, 2025),
    ('Lecsó', 58, 8, 2025),
    ('Bissara', 65, 8, 2025),
    ('Beef Stroganoff', 68, 8, 2025),
    ('Hummus', 71, 8, 2025),
    ('Kimchi', 86, 8, 2025),
    ('Provoleta', 95, 8, 2025),
    ('Belgian Waffles', 5, 9, 2025),
    ('Tandoori Chicken', 13, 9, 2025),
    ('Ratatouille', 33, 9, 2025),
    ('Tagine', 42, 9, 2025),
    ('Molokhia', 54, 9, 2025),
    ('Okonomiyaki', 62, 9, 2025),
    ('Hot and Sour Soup', 76, 9, 2025),
    ('Ful Medames', 77, 9, 2025),
    ('Moules Frites', 97, 9, 2025),
    ('Flan', 102, 9, 2025),
    ('Tiramisu', 15, 10, 2025),
    ('Japchae', 17, 10, 2025),
    ('Rogan Josh', 43, 10, 2025),
    ('Belgian Waffles', 51, 10, 2025),
    ('Basturma', 73, 10, 2025),
    ('Waterzooi', 74, 10, 2025),
    ('Pastitsio', 80, 10, 2025),
    ('Tandoori Chicken', 82, 10, 2025),
    ('Guacamole', 87, 10, 2025),
    ('Ful Medames', 100, 10, 2025);

#===================== 5 ======================#

INSERT INTO has_to_cook (recipe_name, cook_id, serial_number, contest_year) VALUES
('Empanadas', 3, 1, 2026),
('Hot and Sour Soup', 7, 1, 2026),
('Chicken Curry', 13, 1, 2026),
('Beef Stroganoff', 22, 1, 2026),
('Rasam', 36, 1, 2026),
('Kimchi', 40, 1, 2026),
('Fish and Chips', 52, 1, 2026),
('Boeuf Bourguignon', 79, 1, 2026),
('Biryani', 89, 1, 2026),
('Shakshuka', 90, 1, 2026),
('Yorkshire Pudding', 6, 2, 2026),
('Tiramisu', 15, 2, 2026),
('Empanadas', 26, 2, 2026),
('Shakshuka', 44, 2, 2026),
('Adobo', 55, 2, 2026),
('Okonomiyaki', 62, 2, 2026),
('Pelmeni', 68, 2, 2026),
('Dolma', 73, 2, 2026),
('Gyros', 80, 2, 2026),
('Shepherd\'s Pie', 98, 2, 2026),
('Mahshi', 8, 3, 2026),
('Kimchi', 17, 3, 2026),
('BBQ Ribs', 24, 3, 2026),
('Sweet and Sour Pork', 30, 3, 2026),
('Quiche', 33, 3, 2026),
('Basturma', 50, 3, 2026),
('Rasam', 59, 3, 2026),
('Chiles en Nogada', 64, 3, 2026),
('Lechon', 78, 3, 2026),
('Ramen', 85, 3, 2026),
('Fattoush', 2, 4, 2026),
('Basturma', 4, 4, 2026),
('Belgian Waffles', 5, 4, 2026),
('Pastitsio', 11, 4, 2026),
('Stoofvlees', 28, 4, 2026),
('Chimichurri', 49, 4, 2026),
('Risotto', 61, 4, 2026),
('Flan', 69, 4, 2026),
('Apple Pie', 93, 4, 2026),
('Basturma', 96, 4, 2026),
('Boeuf Bourguignon', 10, 5, 2026),
('Fisherman\'s Soup', 12, 5, 2026),
('Enchiladas', 18, 5, 2026),
('Baklava', 25, 5, 2026),
('Tiramisu', 38, 5, 2026),
('Biryani', 66, 5, 2026),
('Tabbouleh', 71, 5, 2026),
('Fish and Chips', 75, 5, 2026),
('Chicken Paprikash', 81, 5, 2026),
('Empanadas', 95, 5, 2026),
('Apple Pie', 1, 6, 2026),
('Harira', 19, 6, 2026),
('Shakshuka', 21, 6, 2026),
('Fisherman\'s Soup', 35, 6, 2026),
('Rogan Josh', 43, 6, 2026),
('Apple Pie', 47, 6, 2026),
('Kung Pao Chicken', 53, 6, 2026),
('Belgian Waffles', 74, 6, 2026),
('Hot and Sour Soup', 76, 6, 2026),
('Kung Pao Chicken', 99, 6, 2026),
('Lechon', 32, 7, 2026),
('Pastitsio', 34, 7, 2026),
('Chiles en Nogada', 41, 7, 2026),
('Beef Stroganoff', 45, 7, 2026),
('Lecsó', 58, 7, 2026),
('Pumpkin Pie', 70, 7, 2026),
('Ful Medames', 77, 7, 2026),
('Nasi Goreng', 83, 7, 2026),
('Tiramisu', 84, 7, 2026),
('Tortilla Española', 92, 7, 2026),
('Pancit', 9, 8, 2026),
('Okonomiyaki', 16, 8, 2026),
('Keema', 20, 8, 2026),
('Harissa', 27, 8, 2026),
('Gado-Gado', 37, 8, 2026),
('Harira', 42, 8, 2026),
('Baklava', 48, 8, 2026),
('Spanakopita', 57, 8, 2026),
('Bissara', 65, 8, 2026),
('Chiles en Nogada', 87, 8, 2026),
('Gado-Gado', 14, 9, 2026),
('Shepherd\'s Pie', 29, 9, 2026),
('Molokhia', 31, 9, 2026),
('Bibimbap', 40, 9, 2026),
('Moules Frites', 51, 9, 2026),
('Ful Medames', 54, 9, 2026),
('Ratatouille', 56, 9, 2026),
('Bulgogi', 63, 9, 2026),
('Shakshuka', 67, 9, 2026),
('Bibimbap', 86, 9, 2026),
('Butter Chicken', 13, 10, 2026),
('Ramen', 39, 10, 2026),
('Paella', 46, 10, 2026),
('Rendang', 60, 10, 2026),
('Empanadas', 72, 10, 2026),
('Gyros', 80, 10, 2026),
('Chicken Curry', 82, 10, 2026),
('Pelmeni', 91, 10, 2026),
('Baklava', 94, 10, 2026),
('Flan', 102, 10, 2026);

#========================= 6 ===================================#

INSERT INTO has_to_cook (recipe_name, cook_id, serial_number, contest_year) VALUES
('Basturma', 4, 1, 2027),
('Mahshi', 8, 1, 2027),
('Tiramisu', 15, 1, 2027),
('Ful Medames', 31, 1, 2027),
('Fattoush', 48, 1, 2027),
('Shepherd\'s Pie', 52, 1, 2027),
('Chicken Curry', 59, 1, 2027),
('Koshari', 77, 1, 2027),
('Chocolate Cake', 93, 1, 2027),
('Gazpacho', 102, 1, 2027),
('Waterzooi', 5, 2, 2027),
('Guacamole', 18, 2, 2027),
('Yorkshire Pudding', 29, 2, 2027),
('Tacos', 41, 2, 2027),
('Rogan Josh', 43, 2, 2027),
('Chimichurri', 49, 2, 2027),
('Keema', 66, 2, 2027),
('Sweet and Sour Pork', 76, 2, 2027),
('Croissants', 79, 2, 2027),
('Falafel', 90, 2, 2027),
('Gyros', 11, 3, 2027),
('Butter Chicken', 13, 3, 2027),
('Beef Stroganoff', 22, 3, 2027),
('Knafeh', 44, 3, 2027),
('Hot and Sour Soup', 53, 3, 2027),
('Lechon', 55, 3, 2027),
('Beef Stroganoff', 68, 3, 2027),
('Chocolate Cake', 70, 3, 2027),
('Tiramisu', 84, 3, 2027),
('Milanesa', 95, 3, 2027),
('Sweet and Sour Pork', 7, 4, 2027),
('Couscous', 19, 4, 2027),
('Hummus', 25, 4, 2027),
('Quiche', 33, 4, 2027),
('Butter Chicken', 36, 4, 2027),
('Risotto', 38, 4, 2027),
('Chiles en Nogada', 64, 4, 2027),
('Guacamole', 87, 4, 2027),
('Flan', 92, 4, 2027),
('Hot and Sour Soup', 99, 4, 2027),
('Gado-Gado', 14, 5, 2027),
('Keema', 20, 5, 2027),
('Pumpkin Pie', 24, 5, 2027),
('Bissara', 42, 5, 2027),
('Borscht', 45, 5, 2027),
('Gazpacho', 46, 5, 2027),
('Boeuf Bourguignon', 56, 5, 2027),
('Flan', 69, 5, 2027),
('Gyros', 80, 5, 2027),
('Keema', 89, 5, 2027);

#==================== 7 =========================#

INSERT INTO has_to_cook (recipe_name, cook_id, serial_number, contest_year) VALUES
('Kare-Kare', 9, 6, 2027),
('Gazpacho', 23, 6, 2027),
('Milanesa', 26, 6, 2027),
('Peking Duck', 30, 6, 2027),
('Chicken Paprikash', 35, 6, 2027),
('Pumpkin Pie', 47, 6, 2027),
('Pancit', 78, 6, 2027),
('Bulgogi', 86, 6, 2027),
('Beef Stroganoff', 91, 6, 2027),
('Trifle', 98, 6, 2027),
('Chimichurri', 3, 7, 2027),
('Boeuf Bourguignon', 10, 7, 2027),
('Bulgogi', 17, 7, 2027),
('Knafeh', 21, 7, 2027),
('Stoofvlees', 28, 7, 2027),
('Adobo', 32, 7, 2027),
('Lavash', 50, 7, 2027),
('Rendang', 60, 7, 2027),
('Maqluba', 67, 7, 2027),
('Okonomiyaki', 85, 7, 2027),
('Pumpkin Pie', 1, 8, 2027),
('Sushi', 16, 8, 2027),
('Lavash', 27, 8, 2027),
('Okonomiyaki', 39, 8, 2027),
('Gyros', 57, 8, 2027),
('Fisherman\'s Soup', 58, 8, 2027),
('Bulgogi', 63, 8, 2027),
('Hummus', 71, 8, 2027),
('Trifle', 75, 8, 2027),
('Couscous', 88, 8, 2027),
('Hummus', 2, 9, 2027),
('Fish and Chips', 6, 9, 2027),
('Goulash', 12, 9, 2027),
('Rendang', 37, 9, 2027),
('Bulgogi', 40, 9, 2027),
('Hummus', 48, 9, 2027),
('Ful Medames', 54, 9, 2027),
('Chimichurri', 72, 9, 2027),
('Basturma', 73, 9, 2027),
('Belgian Waffles', 74, 9, 2027),
('Apple Pie', 1, 10, 2027),
('Waterzooi', 51, 10, 2027),
('Risotto', 61, 10, 2027),
('Harira', 65, 10, 2027),
('Chicken Paprikash', 81, 10, 2027),
('Chicken Curry', 82, 10, 2027),
('Gado-Gado', 83, 10, 2027),
('Moules Frites', 97, 10, 2027),
('Molokhia', 100, 10, 2027),
('Fattoush', 108, 10, 2027);

#================ 8 ======================#

INSERT INTO has_to_cook (recipe_name, cook_id, serial_number, contest_year) VALUES
('Moules Frites', 5, 1, 2028),
('Koshari', 8, 1, 2028),
('Gazpacho', 23, 1, 2028),
('Moussaka', 34, 1, 2028),
('Baklava', 48, 1, 2028),
('Gyros', 57, 1, 2028),
('Flan', 69, 1, 2028),
('Belgian Waffles', 74, 1, 2028),
('Ful Medames', 77, 1, 2028),
('Empanadas', 95, 1, 2028),
('Fish and Chips', 6, 2, 2028),
('Gyros', 11, 2, 2028),
('Empanadas', 26, 2, 2028),
('Fisherman\'s Soup', 35, 2, 2028),
('Biryani', 43, 2, 2028),
('Flan', 46, 2, 2028),
('Mahshi', 54, 2, 2028),
('Enchiladas', 64, 2, 2028),
('Fisherman\'s Soup', 81, 2, 2028),
('Couscous', 88, 2, 2028),
('Hummus', 2, 3, 2028),
('Pancit', 9, 3, 2028),
('Enchiladas', 18, 3, 2028),
('Falafel', 21, 3, 2028),
('Rendang', 37, 3, 2028),
('Fish and Chips', 52, 3, 2028),
('Chicken Paprikash', 58, 3, 2028),
('Falafel', 67, 3, 2028),
('Dolma', 73, 3, 2028),
('Bibimbap', 86, 3, 2028),
('Hot and Sour Soup', 7, 4, 2028),
('Croissants', 10, 4, 2028),
('Lasagna', 15, 4, 2028),
('Apple Pie', 24, 4, 2028),
('Stoofvlees', 28, 4, 2028),
('Boeuf Bourguignon', 33, 4, 2028),
('Harira', 42, 4, 2028),
('Nasi Goreng', 60, 4, 2028),
('Boeuf Bourguignon', 79, 4, 2028),
('Borscht', 91, 4, 2028),
('Chimichurri', 3, 5, 2028),
('Nasi Goreng', 14, 5, 2028),
('Keema', 20, 5, 2028),
('BBQ Ribs', 47, 5, 2028),
('Lavash', 50, 5, 2028),
('Boeuf Bourguignon', 56, 5, 2028),
('Milanesa', 72, 5, 2028),
('Chicken Curry', 82, 5, 2028),
('Sushi', 85, 5, 2028),
('Moules Frites', 97, 5, 2028);

#================== 9 ======================#

INSERT INTO has_to_cook (recipe_name, cook_id, serial_number, contest_year) VALUES
('Chicken Paprikash', 12, 6, 2028),
('Kimchi', 17, 6, 2028),
('Shepherd''s Pie', 29, 6, 2028),
('Hot and Sour Soup', 30, 6, 2028),
('Koshari', 31, 6, 2028),
('Adobo', 32, 6, 2028),
('Tabbouleh', 71, 6, 2028),
('Fish and Chips', 75, 6, 2028),
('Risotto', 84, 6, 2028),
('Shepherd''s Pie', 98, 6, 2028),
('Couscous', 19, 7, 2028),
('Baklava', 25, 7, 2028),
('Risotto', 38, 7, 2028),
('Enchiladas', 41, 7, 2028),
('Knafeh', 44, 7, 2028),
('Bulgogi', 63, 7, 2028),
('Beef Stroganoff', 68, 7, 2028),
('Apple Pie', 70, 7, 2028),
('Lechon', 78, 7, 2028),
('Chiles en Nogada', 87, 7, 2028),
('Stoofvlees', 5, 8, 2028),
('Pelmeni', 22, 8, 2028),
('Dolma', 27, 8, 2028),
('Blini', 45, 8, 2028),
('Hot and Sour Soup', 53, 8, 2028),
('Lasagna', 61, 8, 2028),
('Couscous', 65, 8, 2028),
('Chicken Karahi', 66, 8, 2028),
('Moussaka', 80, 8, 2028),
('Gazpacho', 92, 8, 2028),
('BBQ Ribs', 1, 9, 2028),
('Okonomiyaki', 16, 9, 2028),
('Butter Chicken', 36, 9, 2028),
('Ramen', 39, 9, 2028),
('Empanadas', 49, 9, 2028),
('Moules Frites', 51, 9, 2028),
('Kare-Kare', 55, 9, 2028),
('Nasi Goreng', 83, 9, 2028),
('Baklava', 94, 9, 2028),
('Dolma', 96, 9, 2028),
('Empanadas', 3, 10, 2028),
('Lavash', 4, 10, 2028),
('Quiche', 10, 10, 2028),
('Gado-Gado', 37, 10, 2028),
('Ful Medames', 54, 10, 2028),
('Okonomiyaki', 62, 10, 2028),
('Borscht', 68, 10, 2028),
('Gazpacho', 69, 10, 2028),
('Biryani', 89, 10, 2028),
('Beef Stroganoff', 91, 10, 2028);

#================== 10 =========================#

INSERT INTO has_to_cook (recipe_name, cook_id, serial_number, contest_year) VALUES
('Chicken Paprikash', 12, 1, 2029),
('Nasi Goreng', 14, 1, 2029),
('Gazpacho', 23, 1, 2029),
('Yorkshire Pudding', 29, 1, 2029),
('Bulgogi', 40, 1, 2029),
('Lasagna', 61, 1, 2029),
('Trifle', 75, 1, 2029),
('Tacos', 87, 1, 2029),
('Paella', 92, 1, 2029),
('Trifle', 98, 1, 2029),
('Lechon', 9, 2, 2029),
('Moussaka', 11, 2, 2029),
('Risotto', 15, 2, 2029),
('Chicken Curry', 36, 2, 2029),
('Borscht', 45, 2, 2029),
('Spanakopita', 57, 2, 2029),
('Nasi Goreng', 60, 2, 2029),
('Belgian Waffles', 74, 2, 2029),
('Risotto', 84, 2, 2029),
('Chicken Karahi', 89, 2, 2029),
('Stoofvlees', 5, 3, 2029),
('Couscous', 19, 3, 2029),
('Dolma', 27, 3, 2029),
('Croissants', 33, 3, 2029),
('Tagine', 42, 3, 2029),
('Goulash', 58, 3, 2029),
('Sushi', 62, 3, 2029),
('Gazpacho', 69, 3, 2029),
('Bibimbap', 86, 3, 2029),
('Tortilla Española', 102, 3, 2029),
('Shepherd''s Pie', 6, 4, 2029),
('Japchae', 17, 4, 2029),
('Keema', 43, 4, 2029),
('Gazpacho', 46, 4, 2029),
('Apple Pie', 70, 4, 2029),
('Empanadas', 72, 4, 2029),
('Harira', 88, 4, 2029),
('Falafel', 90, 4, 2029),
('Waterzooi', 97, 4, 2029),
('Maqluba', 21, 5, 2029),
('Chocolate Cake', 24, 5, 2029),
('Tabbouleh', 25, 5, 2029),
('Spaghetti Carbonara', 38, 5, 2029),
('Mahshi', 54, 5, 2029),
('Chiles en Nogada', 64, 5, 2029),
('Hummus', 71, 5, 2029),
('Kare-Kare', 78, 5, 2029),
('Ratatouille', 79, 5, 2029),
('Satay', 83, 5, 2029);

#================ 11 =======================#

INSERT INTO has_to_cook (recipe_name, cook_id, serial_number, contest_year) VALUES
('Chocolate Cake', 1, 6, 2029),
('Rasam', 13, 6, 2029),
('Pelmeni', 22, 6, 2029),
('Milanesa', 26, 6, 2029),
('Sushi', 39, 6, 2029),
('Provoleta', 49, 6, 2029),
('Dolma', 50, 6, 2029),
('Chicken Curry', 59, 6, 2029),
('Butter Chicken', 82, 6, 2029),
('Ramen', 85, 6, 2029),
('Okonomiyaki', 16, 7, 2029),
('Belgian Waffles', 28, 7, 2029),
('Lechon', 32, 7, 2029),
('Shakshuka', 44, 7, 2029),
('Boeuf Bourguignon', 56, 7, 2029),
('Bissara', 65, 7, 2029),
('Keema', 66, 7, 2029),
('Fisherman\'s Soup', 81, 7, 2029),
('Borscht', 91, 7, 2029),
('Empanadas', 3, 8, 2029),
('Croissants', 10, 8, 2029),
('Kung Pao Chicken', 30, 8, 2029),
('Moussaka', 34, 8, 2029),
('Kare-Kare', 55, 8, 2029),
('Bulgogi', 63, 8, 2029),
('Hummus', 94, 8, 2029),
('Gyros', 104, 8, 2029),
('Basturma', 4, 9, 2029),
('Hot and Sour Soup', 7, 9, 2029),
('Biryani', 20, 9, 2029),
('Gado-Gado', 37, 9, 2029),
('Chiles en Nogada', 41, 9, 2029),
('Beef Stroganoff', 68, 9, 2029),
('Pastitsio', 80, 9, 2029),
('Dolma', 96, 9, 2029),
('Fattoush', 2, 10, 2029),
('Molokhia', 8, 10, 2029),
('Enchiladas', 18, 10, 2029),
('Fish and Chips', 52, 10, 2029),
('Provoleta', 72, 10, 2029),
('Shepherd\'s Pie', 75, 10, 2029),
('Hot and Sour Soup', 76, 10, 2029),
('Kare-Kare', 78, 10, 2029);

#================= 12 =================#

INSERT INTO has_to_cook (recipe_name, cook_id, serial_number, contest_year) VALUES
('Satay', 14, 1, 2030),
('Pelmeni', 22, 1, 2030),
('Lecsó', 35, 1, 2030),
('Borscht', 45, 1, 2030),
('Spanakopita', 57, 1, 2030),
('Spaghetti Carbonara', 61, 1, 2030),
('Pelmeni', 68, 1, 2030),
('Pancit', 78, 1, 2030),
('Tiramisu', 84, 1, 2030),
('Chocolate Cake', 93, 1, 2030),
('Pumpkin Pie', 1, 2, 2030),
('Molokhia', 8, 2, 2030),
('Stoofvlees', 28, 2, 2030),
('Enchiladas', 41, 2, 2030),
('Provoleta', 49, 2, 2030),
('Satay', 60, 2, 2030),
('Apple Pie', 70, 2, 2030),
('Provoleta', 72, 2, 2030),
('Rogan Josh', 89, 2, 2030),
('Waterzooi', 97, 2, 2030),
('Yorkshire Pudding', 6, 3, 2030),
('Tagine', 19, 3, 2030),
('Hummus', 25, 3, 2030),
('Yorkshire Pudding', 29, 3, 2030),
('Rasam', 36, 3, 2030),
('Tabbouleh', 48, 3, 2030),
('Molokhia', 54, 3, 2030),
('Sushi', 85, 3, 2030),
('Knafeh', 90, 3, 2030),
('Spanakopita', 104, 3, 2030),
('Spanakopita', 11, 4, 2030),
('Rasam', 13, 4, 2030),
('Pumpkin Pie', 24, 4, 2030),
('Hot and Sour Soup', 30, 4, 2030),
('Lasagna', 38, 4, 2030),
('Adobo', 55, 4, 2030),
('Tacos', 64, 4, 2030),
('Tabbouleh', 71, 4, 2030),
('Mahshi', 77, 4, 2030),
('Kimchi', 86, 4, 2030),
('Stoofvlees', 5, 5, 2030),
('Enchiladas', 18, 5, 2030),
('Flan', 23, 5, 2030),
('Rogan Josh', 43, 5, 2030),
('Tortilla Española', 46, 5, 2030),
('Ratatouille', 56, 5, 2030),
('Tortilla Española', 69, 5, 2030),
('Chicken Curry', 82, 5, 2030),
('Pelmeni', 91, 5, 2030),
('Shepherd\'s Pie', 98, 5, 2030);

#======================= 13 ==========================#

INSERT INTO has_to_cook (recipe_name, cook_id, serial_number, contest_year) VALUES
('Fattoush', 2, 6, 2030),
('Lasagna', 15, 6, 2030),
('Molokhia', 31, 6, 2030),
('Croissants', 33, 6, 2030),
('Satay', 37, 6, 2030),
('Fisherman\'s Soup', 58, 6, 2030),
('Shakshuka', 67, 6, 2030),
('Boeuf Bourguignon', 79, 6, 2030),
('Satay', 83, 6, 2030),
('Tagine', 88, 6, 2030),
('Pancit', 9, 7, 2030),
('Lecsó', 12, 7, 2030),
('Kimchi', 17, 7, 2030),
('Pancit', 32, 7, 2030),
('Kimchi', 40, 7, 2030),
('Dolma', 50, 7, 2030),
('Peking Duck', 53, 7, 2030),
('Dolma', 73, 7, 2030),
('Lecsó', 81, 7, 2030),
('Tabbouleh', 94, 7, 2030),
('Hot and Sour Soup', 7, 8, 2030),
('Tempura', 16, 8, 2030),
('Lavash', 27, 8, 2030),
('Tempura', 39, 8, 2030),
('Yorkshire Pudding', 52, 8, 2030),
('Tempura', 62, 8, 2030),
('Bibimbap', 63, 8, 2030),
('Tagine', 65, 8, 2030),
('Chicken Karahi', 66, 8, 2030),
('Tortilla Española', 92, 8, 2030),
('Rogan Josh', 20, 9, 2030),
('Provoleta', 26, 9, 2030),
('Spanakopita', 34, 9, 2030),
('Tagine', 42, 9, 2030),
('Apple Pie', 47, 9, 2030),
('Tandoori Chicken', 59, 9, 2030),
('Yorkshire Pudding', 75, 9, 2030),
('Spanakopita', 80, 9, 2030),
('Chimichurri', 95, 9, 2030),
('Sweet and Sour Pork', 99, 9, 2030),
('Provoleta', 3, 10, 2030),
('Lavash', 4, 10, 2030),
('Croissants', 10, 10, 2030),
('Maqluba', 21, 10, 2030),
('Hummus', 25, 10, 2030),
('Waterzooi', 51, 10, 2030),
('Borscht', 68, 10, 2030),
('Waterzooi', 74, 10, 2030),
('Chiles en Nogada', 87, 10, 2030),
('Lavash', 96, 10, 2030);

#================ 14 =======================#

INSERT INTO has_to_cook (recipe_name, cook_id, serial_number, contest_year) VALUES
('Spanakopita', 11, 1, 2031),
('Blini', 22, 1, 2031),
('Paella', 23, 1, 2031),
('Spanakopita', 34, 1, 2031),
('Gazpacho', 46, 1, 2031),
('Lechon', 55, 1, 2031),
('Quiche', 56, 1, 2031),
('Pancit', 78, 1, 2031),
('Harira', 88, 1, 2031),
('Sweet and Sour Pork', 99, 1, 2031),
('Pumpkin Pie', 24, 2, 2031),
('Boeuf Bourguignon', 33, 2, 2031),
('Tiramisu', 38, 2, 2031),
('Shepherd\'s Pie', 52, 2, 2031),
('Chicken Curry', 59, 2, 2031),
('Tagine', 65, 2, 2031),
('Kung Pao Chicken', 76, 2, 2031),
('Guacamole', 87, 2, 2031),
('Gazpacho', 92, 2, 2031),
('Koshari', 100, 2, 2031),
('Yorkshire Pudding', 6, 3, 2031),
('Kimchi', 17, 3, 2031),
('Provoleta', 26, 3, 2031),
('Sweet and Sour Pork', 30, 3, 2031),
('Rogan Josh', 43, 3, 2031),
('Chimichurri', 49, 3, 2031),
('Basturma', 73, 3, 2031),
('Chicken Paprikash', 81, 3, 2031),
('Risotto', 84, 3, 2031),
('Belgian Waffles', 97, 3, 2031);

#================================= 15 =============================#

INSERT INTO has_to_cook (recipe_name, cook_id, serial_number, contest_year) VALUES
('Dolma', 4, 4, 2031),
('Rogan Josh', 20, 4, 2031),
('Lavash', 27, 4, 2031),
('Yorkshire Pudding', 29, 4, 2031),
('Sushi', 39, 4, 2031),
('Lavash', 50, 4, 2031),
('Chiles en Nogada', 64, 4, 2031),
('Waterzooi', 74, 4, 2031),
('Couscous', 88, 4, 2031),
('Pumpkin Pie', 93, 4, 2031),
('Molokhia', 8, 5, 2031),
('Satay', 14, 5, 2031),
('Tiramisu', 15, 5, 2031),
('Knafeh', 44, 5, 2031),
('Spanakopita', 57, 5, 2031),
('Lecsó', 58, 5, 2031),
('Kimchi', 63, 5, 2031),
('Provoleta', 72, 5, 2031),
('Tandoori Chicken', 82, 5, 2031),
('Yorkshire Pudding', 98, 5, 2031);

#======================= 16 ==================#

INSERT INTO has_to_cook (recipe_name, cook_id, serial_number, contest_year) VALUES
('Adobo', 9, 6, 2031),
('Sushi', 16, 6, 2031),
('Knafeh', 21, 6, 2031),
('Chicken Curry', 36, 6, 2031),
('Chocolate Cake', 47, 6, 2031),
('Tabbouleh', 48, 6, 2031),
('Molokhia', 77, 6, 2031),
('Quiche', 79, 6, 2031),
('Satay', 83, 6, 2031),
('Kimchi', 86, 6, 2031),
('Baklava', 2, 7, 2031),
('Chicken Curry', 13, 7, 2031),
('Blini', 22, 7, 2031),
('Lecsó', 35, 7, 2031),
('Gazpacho', 46, 7, 2031),
('Sweet and Sour Pork', 53, 7, 2031),
('Croissants', 56, 7, 2031),
('Yorkshire Pudding', 75, 7, 2031),
('Tempura', 85, 7, 2031),
('Pelmeni', 91, 7, 2031),
('Waterzooi', 5, 8, 2031),
('Chiles en Nogada', 18, 8, 2031),
('Pancit', 32, 8, 2031),
('Kimchi', 40, 8, 2031),
('Tagine', 42, 8, 2031),
('Molokhia', 54, 8, 2031),
('Satay', 60, 8, 2031),
('Pumpkin Pie', 70, 8, 2031),
('Shakshuka', 90, 8, 2031),
('Tabbouleh', 94, 8, 2031);

#=================================== 17 ==========================#

INSERT INTO has_to_cook (recipe_name, cook_id, serial_number, contest_year) VALUES
('Empanadas', 3, 9, 2031),
('Peking Duck', 7, 9, 2031),
('Tagine', 19, 9, 2031),
('Moules Frites', 28, 9, 2031),
('Mahshi', 31, 9, 2031),
('Chiles en Nogada', 41, 9, 2031),
('Tiramisu', 61, 9, 2031),
('Blini', 68, 9, 2031),
('Hummus', 71, 9, 2031),
('Milanesa', 95, 9, 2031),
('Empanadas', 3, 10, 2031),
('Ratatouille', 10, 10, 2031),
('Baklava', 25, 10, 2031),
('Satay', 37, 10, 2031),
('Waterzooi', 51, 10, 2031),
('Sushi', 62, 10, 2031),
('Rogan Josh', 66, 10, 2031),
('Tortilla Española', 69, 10, 2031),
('Spanakopita', 80, 10, 2031),
('Lavash', 96, 10, 2031);
